{
    "type": "FeatureCollection",
    "generator": "JOSM",
    "bbox": [
        1.71584600000,
        41.21872330000,
        1.71684980000,
        41.21919790000
    ],
    "features": [
        {
            "type": "Feature",
            "properties": {
                "natural": "scrub",
                "type": "multipolygon"
            },
            "geometry": {
                "type": "MultiPolygon",
                "coordinates": [
                    [
                        [
                            [
                                1.71597770000,
                                41.21879940000
                            ],
                            [
                                1.71619210000,
                                41.21886110000
                            ],
                            [
                                1.71606930000,
                                41.21897840000
                            ],
                            [
                                1.71593990000,
                                41.21918010000
                            ],
                            [
                                1.71567740000,
                                41.21935080000
                            ],
                            [
                                1.71546370000,
                                41.21942130000
                            ],
                            [
                                1.71542240000,
                                41.21943400000
                            ],
                            [
                                1.71538490000,
                                41.21944520000
                            ],
                            [
                                1.71534370000,
                                41.21946080000
                            ],
                            [
                                1.71530990000,
                                41.21947630000
                            ],
                            [
                                1.71527810000,
                                41.21949320000
                            ],
                            [
                                1.71524240000,
                                41.21951150000
                            ],
                            [
                                1.71521430000,
                                41.21953130000
                            ],
                            [
                                1.71518060000,
                                41.21955100000
                            ],
                            [
                                1.71515430000,
                                41.21957640000
                            ],
                            [
                                1.71513180000,
                                41.21960320000
                            ],
                            [
                                1.71511120000,
                                41.21963280000
                            ],
                            [
                                1.71508050000,
                                41.21968230000
                            ],
                            [
                                1.71504350000,
                                41.21977340000
                            ],
                            [
                                1.71499310000,
                                41.21985710000
                            ],
                            [
                                1.71485240000,
                                41.22002980000
                            ],
                            [
                                1.71474030000,
                                41.22012610000
                            ],
                            [
                                1.71440610000,
                                41.22032960000
                            ],
                            [
                                1.71433870000,
                                41.22030550000
                            ],
                            [
                                1.71416830000,
                                41.22040890000
                            ],
                            [
                                1.71411610000,
                                41.22045770000
                            ],
                            [
                                1.71386630000,
                                41.22058460000
                            ],
                            [
                                1.71363710000,
                                41.22072230000
                            ],
                            [
                                1.71356060000,
                                41.22082450000
                            ],
                            [
                                1.71343120000,
                                41.22092180000
                            ],
                            [
                                1.71341620000,
                                41.22095000000
                            ],
                            [
                                1.71338810000,
                                41.22098390000
                            ],
                            [
                                1.71337120000,
                                41.22101210000
                            ],
                            [
                                1.71315920000,
                                41.22131480000
                            ],
                            [
                                1.71312200000,
                                41.22135890000
                            ],
                            [
                                1.71288100000,
                                41.22155200000
                            ],
                            [
                                1.71278600000,
                                41.22163610000
                            ],
                            [
                                1.71263350000,
                                41.22178410000
                            ],
                            [
                                1.71234910000,
                                41.22203260000
                            ],
                            [
                                1.71226070000,
                                41.22214630000
                            ],
                            [
                                1.71198820000,
                                41.22251210000
                            ],
                            [
                                1.71181560000,
                                41.22275360000
                            ],
                            [
                                1.71171970000,
                                41.22289260000
                            ],
                            [
                                1.71175370000,
                                41.22290890000
                            ],
                            [
                                1.71146990000,
                                41.22326870000
                            ],
                            [
                                1.71141460000,
                                41.22324700000
                            ],
                            [
                                1.71134190000,
                                41.22321870000
                            ],
                            [
                                1.71130870000,
                                41.22320610000
                            ],
                            [
                                1.71123380000,
                                41.22316560000
                            ],
                            [
                                1.71115500000,
                                41.22313390000
                            ],
                            [
                                1.71174550000,
                                41.22235240000
                            ],
                            [
                                1.71231660000,
                                41.22163150000
                            ],
                            [
                                1.71243460000,
                                41.22152430000
                            ],
                            [
                                1.71262950000,
                                41.22148240000
                            ],
                            [
                                1.71296760000,
                                41.22119350000
                            ],
                            [
                                1.71312190000,
                                41.22100930000
                            ],
                            [
                                1.71319310000,
                                41.22087670000
                            ],
                            [
                                1.71319500000,
                                41.22084850000
                            ],
                            [
                                1.71319870000,
                                41.22081890000
                            ],
                            [
                                1.71320620000,
                                41.22078500000
                            ],
                            [
                                1.71321370000,
                                41.22075680000
                            ],
                            [
                                1.71322120000,
                                41.22072720000
                            ],
                            [
                                1.71323250000,
                                41.22070040000
                            ],
                            [
                                1.71324370000,
                                41.22067220000
                            ],
                            [
                                1.71325620000,
                                41.22066060000
                            ],
                            [
                                1.71330180000,
                                41.22063550000
                            ],
                            [
                                1.71337680000,
                                41.22064260000
                            ],
                            [
                                1.71343120000,
                                41.22064970000
                            ],
                            [
                                1.71347430000,
                                41.22065110000
                            ],
                            [
                                1.71351930000,
                                41.22065110000
                            ],
                            [
                                1.71355680000,
                                41.22064820000
                            ],
                            [
                                1.71357990000,
                                41.22063970000
                            ],
                            [
                                1.71361870000,
                                41.22062000000
                            ],
                            [
                                1.71368430000,
                                41.22058620000
                            ],
                            [
                                1.71372180000,
                                41.22056640000
                            ],
                            [
                                1.71386630000,
                                41.22045480000
                            ],
                            [
                                1.71399580000,
                                41.22035440000
                            ],
                            [
                                1.71421870000,
                                41.22025810000
                            ],
                            [
                                1.71435280000,
                                41.22018030000
                            ],
                            [
                                1.71445550000,
                                41.22012530000
                            ],
                            [
                                1.71460120000,
                                41.22003330000
                            ],
                            [
                                1.71461990000,
                                41.22000940000
                            ],
                            [
                                1.71463070000,
                                41.21999980000
                            ],
                            [
                                1.71464430000,
                                41.21998260000
                            ],
                            [
                                1.71466120000,
                                41.21995720000
                            ],
                            [
                                1.71467620000,
                                41.21993180000
                            ],
                            [
                                1.71469120000,
                                41.21990500000
                            ],
                            [
                                1.71470620000,
                                41.21987820000
                            ],
                            [
                                1.71471740000,
                                41.21985000000
                            ],
                            [
                                1.71473430000,
                                41.21982040000
                            ],
                            [
                                1.71475490000,
                                41.21979500000
                            ],
                            [
                                1.71477930000,
                                41.21977240000
                            ],
                            [
                                1.71480010000,
                                41.21975830000
                            ],
                            [
                                1.71482370000,
                                41.21972150000
                            ],
                            [
                                1.71492180000,
                                41.21956940000
                            ],
                            [
                                1.71498930000,
                                41.21949600000
                            ],
                            [
                                1.71501930000,
                                41.21947770000
                            ],
                            [
                                1.71505310000,
                                41.21945930000
                            ],
                            [
                                1.71508680000,
                                41.21944380000
                            ],
                            [
                                1.71512240000,
                                41.21942270000
                            ],
                            [
                                1.71515430000,
                                41.21940430000
                            ],
                            [
                                1.71518620000,
                                41.21938600000
                            ],
                            [
                                1.71568680000,
                                41.21910820000
                            ],
                            [
                                1.71588550000,
                                41.21896290000
                            ],
                            [
                                1.71597770000,
                                41.21879940000
                            ]
                        ]
                    ]
                ]
            }
        },
        {
            "type": "Feature",
            "properties": {
                "highway": "traffic_signals",
                "traffic_signals": "pedestrian_crossing",
				"direction": "backward",
                "traffic_signals:direction": "backward"
            },
            "geometry": {
                "type": "Point",
                "coordinates": [
                    1.71610560000,
                    41.21895880000
                ]
            }
        },
        {
            "type": "Feature",
            "properties": {
                "highway": "traffic_signals",
				"direction": "forward",
                "traffic_signals:direction": "forward"
            },
            "geometry": {
                "type": "Point",
                "coordinates": [
                    1.71526380000,
                    41.22058100000
                ]
            }
        },
        {
            "type": "Feature",
            "properties": {
                "direction": "backward",
                "restriction": "no_left_turn",
                "side": "left",
                "traffic_sign": "ES:R303"
            },
            "geometry": {
                "type": "Point",
                "coordinates": [
                    1.71590260000,
                    41.21885560000
                ]
            }
        },
        {
            "type": "Feature",
            "properties": {
                "highway": "residential",
                "lanes": "1",
                "lit": "yes",
                "maxspeed": "30",
                "name": "Avinguda de Cubelles",
                "name:ca": "Avinguda de Cubelles",
                "oneway": "yes",
                "parking:condition:left": "no_stopping",
                "parking:condition:right": "free",
                "parking:lane:right": "perpendicular",
                "service": "driveway",
                "sidewalk": "right",
                "surface": "asphalt",
                "width": "5"
            },
            "geometry": {
                "type": "LineString",
                "coordinates": [
                    [
                        1.71665710000,
                        41.21898660000
                    ],
                    [
                        1.71669850000,
                        41.21900030000
                    ],
                    [
                        1.71707110000,
                        41.21911220000
                    ]
                ]
            }
        },
        {
            "type": "Feature",
            "properties": {
                "barrier": "kerb"
            },
            "geometry": {
                "type": "Point",
                "coordinates": [
                    1.71610850000,
                    41.21895370000
                ]
            }
        },
        {
            "type": "Feature",
            "properties": {
                "building": "residential",
                "building:levels": "1"
            },
            "geometry": {
                "type": "Polygon",
                "coordinates": [
                    [
                        [
                            1.71668770000,
                            41.21886800000
                        ],
                        [
                            1.71671920000,
                            41.21880710000
                        ],
                        [
                            1.71666110000,
                            41.21879000000
                        ],
                        [
                            1.71662960000,
                            41.21885090000
                        ],
                        [
                            1.71668770000,
                            41.21886800000
                        ]
                    ]
                ]
            }
        },
        {
            "type": "Feature",
            "properties": {
                "highway": "service",
                "lanes": "1",
                "oneway": "no",
                "service": "drive-through",
                "width": "8"
            },
            "geometry": {
                "type": "LineString",
                "coordinates": [
                    [
                        1.71654300000,
                        41.21914850000
                    ],
                    [
                        1.71652840000,
                        41.21917550000
                    ],
                    [
                        1.71648760000,
                        41.21924320000
                    ],
                    [
                        1.71646220000,
                        41.21928550000
                    ],
                    [
                        1.71626720000,
                        41.21923090000
                    ],
                    [
                        1.71616270000,
                        41.21919680000
                    ],
                    [
                        1.71610450000,
                        41.21917880000
                    ]
                ]
            }
        },
        {
            "type": "Feature",
            "properties": {
                "highway": "traffic_signals"
            },
            "geometry": {
                "type": "Point",
                "coordinates": [
                    1.71737570000,
                    41.21938820000
                ]
            }
        },
        {
            "type": "Feature",
            "properties": {
                "direction": "forward",
                "restriction": "no_left_turn",
                "side": "left",
                "traffic_sign": "ES:R303"
            },
            "geometry": {
                "type": "Point",
                "coordinates": [
                    1.71755300000,
                    41.21943930000
                ]
            }
        },
        {
            "type": "Feature",
            "properties": {
                "footway": "sidewalk",
                "highway": "footway",
                "name": "Carrer del Montseny",
                "name:ca": "Carrer del Montseny"
            },
            "geometry": {
                "type": "LineString",
                "coordinates": [
                    [
                        1.71739170000,
                        41.21860010000
                    ],
                    [
                        1.71733610000,
                        41.21861460000
                    ],
                    [
                        1.71718350000,
                        41.21864820000
                    ],
                    [
                        1.71694690000,
                        41.21870410000
                    ],
                    [
                        1.71669160000,
                        41.21875710000
                    ],
                    [
                        1.71662860000,
                        41.21877940000
                    ],
                    [
                        1.71658130000,
                        41.21883140000
                    ],
                    [
                        1.71657160000,
                        41.21888970000
                    ],
                    [
                        1.71659950000,
                        41.21891890000
                    ],
                    [
                        1.71663630000,
                        41.21892940000
                    ]
                ]
            }
        },
        {
            "type": "Feature",
            "properties": {
                "barrier": "kerb"
            },
            "geometry": {
                "type": "Point",
                "coordinates": [
                    1.71658490000,
                    41.21901670000
                ]
            }
        },
        {
            "type": "Feature",
            "properties": {
                "highway": "traffic_signals",
                "traffic_signals": "cyclist_crossing",
				"direction": "backward",
                "traffic_signals:direction": "backward"
            },
            "geometry": {
                "type": "Point",
                "coordinates": [
                    1.71618320000,
                    41.21890290000
                ]
            }
        },
        {
            "type": "Feature",
            "properties": {
                "direction": "backward",
                "side": "left",
                "traffic_sign": "ES:S17",
                "turn:lanes:forward": "through"
            },
            "geometry": {
                "type": "Point",
                "coordinates": [
                    1.71581620000,
                    41.21883040000
                ]
            }
        },
        {
            "type": "Feature",
            "properties": {
                "highway": "residential",
                "lanes": "1",
                "lit": "yes",
                "maxspeed": "30",
                "name": "Avinguda de Cubelles",
                "name:ca": "Avinguda de Cubelles",
                "oneway": "yes",
                "parking:condition:both": "no_stopping",
                "service": "driveway",
                "sidewalk": "both",
                "surface": "paved",
                "width": "5"
            },
            "geometry": {
                "type": "LineString",
                "coordinates": [
                    [
                        1.71658600000,
                        41.21896430000
                    ],
                    [
                        1.71660760000,
                        41.21897030000
                    ],
                    [
                        1.71662090000,
                        41.21897400000
                    ],
                    [
                        1.71665710000,
                        41.21898660000
                    ]
                ]
            }
        },
        {
            "type": "Feature",
            "properties": {
                "barrier": "kerb"
            },
            "geometry": {
                "type": "Point",
                "coordinates": [
                    1.71611430000,
                    41.21906130000
                ]
            }
        },
        {
            "type": "Feature",
            "properties": {
                "highway": "traffic_signals",
                "side": "left",
				"direction": "backward",
                "traffic_signals:direction": "backward"
            },
            "geometry": {
                "type": "Point",
                "coordinates": [
                    1.71611790000,
                    41.21892200000
                ]
            }
        },
        {
            "type": "Feature",
            "properties": {
                "highway": "crossing"
            },
            "geometry": {
                "type": "Point",
                "coordinates": [
                    1.71967180000,
                    41.21803350000
                ]
            }
        },
        {
            "type": "Feature",
            "properties": {
                "entrance": "yes"
            },
            "geometry": {
                "type": "Point",
                "coordinates": [
                    1.71692280000,
                    41.21933570000
                ]
            }
        },
        {
            "type": "Feature",
            "properties": {
                "ford": "yes"
            },
            "geometry": {
                "type": "Point",
                "coordinates": [
                    1.71975010000,
                    41.21793240000
                ]
            }
        },
        {
            "type": "Feature",
            "properties": {
                "direction": "backward",
                "side": "both",
                "traffic_sign": "ES:R101"
            },
            "geometry": {
                "type": "Point",
                "coordinates": [
                    1.71751620000,
                    41.21942870000
                ]
            }
        },
        {
            "type": "Feature",
            "properties": {
                "direction": "backward",
                "highway": "stop",
                "side": "right",
                "traffic_sign": "ES:R2"
            },
            "geometry": {
                "type": "Point",
                "coordinates": [
                    1.71614460000,
                    41.21909650000
                ]
            }
        },
        {
            "type": "Feature",
            "properties": {
                "barrier": "kerb"
            },
            "geometry": {
                "type": "Point",
                "coordinates": [
                    1.71662070000,
                    41.21895260000
                ]
            }
        },
        {
            "type": "Feature",
            "properties": {
                "area:highway": "traffic_island"
            },
            "geometry": {
                "type": "LineString",
                "coordinates": [
                    [
                        1.71638560000,
                        41.21885140000
                    ],
                    [
                        1.71646310000,
                        41.21887480000
                    ],
                    [
                        1.71649550000,
                        41.21881450000
                    ],
                    [
                        1.71653940000,
                        41.21877560000
                    ],
                    [
                        1.71656140000,
                        41.21876100000
                    ],
                    [
                        1.71650450000,
                        41.21877650000
                    ],
                    [
                        1.71641790000,
                        41.21882910000
                    ],
                    [
                        1.71638560000,
                        41.21885140000
                    ]
                ]
            }
        },
        {
            "type": "Feature",
            "properties": null,
            "geometry": {
                "type": "LineString",
                "coordinates": [
                    [
                        1.71597770000,
                        41.21879940000
                    ],
                    [
                        1.71357890000,
                        41.21810900000
                    ],
                    [
                        1.71351420000,
                        41.21807720000
                    ],
                    [
                        1.71346030000,
                        41.21802170000
                    ],
                    [
                        1.71345630000,
                        41.21798760000
                    ],
                    [
                        1.71340700000,
                        41.21788390000
                    ],
                    [
                        1.71334930000,
                        41.21787160000
                    ],
                    [
                        1.71327860000,
                        41.21785210000
                    ],
                    [
                        1.71320830000,
                        41.21786060000
                    ],
                    [
                        1.71309630000,
                        41.21788610000
                    ],
                    [
                        1.71299210000,
                        41.21785010000
                    ],
                    [
                        1.71289950000,
                        41.21783620000
                    ],
                    [
                        1.71274100000,
                        41.21777650000
                    ],
                    [
                        1.71239190000,
                        41.21764490000
                    ],
                    [
                        1.71082660000,
                        41.21686360000
                    ]
                ]
            }
        },
        {
            "type": "Feature",
            "properties": {
                "building": "residential",
                "building:levels": "11"
            },
            "geometry": {
                "type": "Polygon",
                "coordinates": [
                    [
                        [
                            1.71688390000,
                            41.21892320000
                        ],
                        [
                            1.71691770000,
                            41.21893340000
                        ],
                        [
                            1.71702330000,
                            41.21896510000
                        ],
                        [
                            1.71705140000,
                            41.21891340000
                        ],
                        [
                            1.71703440000,
                            41.21890870000
                        ],
                        [
                            1.71709180000,
                            41.21879580000
                        ],
                        [
                            1.71687850000,
                            41.21873130000
                        ],
                        [
                            1.71683600000,
                            41.21881230000
                        ],
                        [
                            1.71681840000,
                            41.21880800000
                        ],
                        [
                            1.71677800000,
                            41.21889140000
                        ],
                        [
                            1.71688390000,
                            41.21892320000
                        ]
                    ]
                ]
            }
        },
        {
            "type": "Feature",
            "properties": {
                "amenity": "parking",
                "capacity": "9",
                "orientation": "parallel",
                "parking": "lane",
                "parking:condition": "free"
            },
            "geometry": {
                "type": "Polygon",
                "coordinates": [
                    [
                        [
                            1.71663560000,
                            41.21899630000
                        ],
                        [
                            1.71710790000,
                            41.21913510000
                        ],
                        [
                            1.71709780000,
                            41.21915290000
                        ],
                        [
                            1.71662160000,
                            41.21901110000
                        ],
                        [
                            1.71663560000,
                            41.21899630000
                        ]
                    ]
                ]
            }
        },
        {
            "type": "Feature",
            "properties": {
                "highway": "traffic_signals",
				"direction": "backward",
                "traffic_signals:direction": "forward"
            },
            "geometry": {
                "type": "Point",
                "coordinates": [
                    1.71648900000,
                    41.21897890000
                ]
            }
        },
        {
            "type": "Feature",
            "properties": {
                "direction": "forward",
                "restriction": "no_left_turn",
                "side": "right",
                "traffic_sign": "ES:R303"
            },
            "geometry": {
                "type": "Point",
                "coordinates": [
                    1.71663350000,
                    41.21907410000
                ]
            }
        },
        {
            "type": "Feature",
            "properties": {
                "amenity": "parking",
                "orientation": "parallel",
                "parking": "lane",
                "parking:condition": "free"
            },
            "geometry": {
                "type": "Polygon",
                "coordinates": [
                    [
                        [
                            1.71728440000,
                            41.21939340000
                        ],
                        [
                            1.71729180000,
                            41.21937750000
                        ],
                        [
                            1.71657760000,
                            41.21917010000
                        ],
                        [
                            1.71656790000,
                            41.21917920000
                        ],
                        [
                            1.71728440000,
                            41.21939340000
                        ]
                    ]
                ]
            }
        },
        {
            "type": "Feature",
            "properties": {
                "highway": "crossing"
            },
            "geometry": {
                "type": "Point",
                "coordinates": [
                    1.71564820000,
                    41.21995030000
                ]
            }
        },
        {
            "type": "Feature",
            "properties": {
                "highway": "traffic_signals",
                "traffic_signals": "pedestrian_crossing",
				"direction": "backward",
                "traffic_signals:direction": "backward"
            },
            "geometry": {
                "type": "Point",
                "coordinates": [
                    1.71662850000,
                    41.21894220000
                ]
            }
        },
        {
            "type": "Feature",
            "properties": {
                "barrier": "kerb"
            },
            "geometry": {
                "type": "Point",
                "coordinates": [
                    1.71636680000,
                    41.21908140000
                ]
            }
        },
        {
            "type": "Feature",
            "properties": {
                "highway": "residential",
                "lanes": "1",
                "lit": "yes",
                "maxspeed": "30",
                "name": "Carrer del Montseny",
                "name:ca": "Carrer del Montseny",
                "oneway": "yes",
                "parking:condition:both": "no_stopping",
                "surface": "asphalt",
                "width": "5"
            },
            "geometry": {
                "type": "LineString",
                "coordinates": [
                    [
                        1.71626130000,
                        41.21890540000
                    ],
                    [
                        1.71633250000,
                        41.21887770000
                    ],
                    [
                        1.71637340000,
                        41.21887670000
                    ],
                    [
                        1.71643860000,
                        41.21889330000
                    ],
                    [
                        1.71649850000,
                        41.21893810000
                    ]
                ]
            }
        },
        {
            "type": "Feature",
            "properties": {
                "highway": "residential",
                "lanes": "1",
                "lit": "yes",
                "maxspeed": "30",
                "name": "Carrer del Montseny",
                "name:ca": "Carrer del Montseny",
                "oneway": "yes",
                "parking:condition:both": "no_stopping",
                "surface": "asphalt",
                "width": "4"
            },
            "geometry": {
                "type": "LineString",
                "coordinates": [
                    [
                        1.71622840000,
                        41.21895600000
                    ],
                    [
                        1.71626130000,
                        41.21890540000
                    ],
                    [
                        1.71637840000,
                        41.21881980000
                    ],
                    [
                        1.71649230000,
                        41.21876640000
                    ],
                    [
                        1.71659100000,
                        41.21874740000
                    ]
                ]
            }
        },
        {
            "type": "Feature",
            "properties": {
                "bicycle": "yes",
                "bridge": "yes",
                "footway": "sidewalk",
                "highway": "footway",
                "incline": "no",
                "kerb": "no",
                "lanes": "1",
                "layer": "1",
                "lit": "yes",
                "name": "Avinguda de Cubelles",
                "name:ca": "Avinguda de Cubelles",
                "smoothness": "excellent",
                "surface": "compacted",
                "width": "5"
            },
            "geometry": {
                "type": "LineString",
                "coordinates": [
                    [
                        1.71610150000,
                        41.21896690000
                    ],
                    [
                        1.71591720000,
                        41.21891230000
                    ]
                ]
            }
        },
        {
            "type": "Feature",
            "properties": {
                "highway": "crossing"
            },
            "geometry": {
                "type": "Point",
                "coordinates": [
                    1.71656810000,
                    41.21905500000
                ]
            }
        },
        {
            "type": "Feature",
            "properties": {
                "highway": "residential",
                "lanes": "1",
                "lit": "yes",
                "maxspeed": "30",
                "name": "Carrer del Montseny",
                "name:ca": "Carrer del Montseny",
                "oneway": "yes",
                "parking:condition:both": "no_stopping",
                "surface": "asphalt",
                "width": "10"
            },
            "geometry": {
                "type": "LineString",
                "coordinates": [
                    [
                        1.71649850000,
                        41.21893810000
                    ],
                    [
                        1.71648900000,
                        41.21897890000
                    ],
                    [
                        1.71647480000,
                        41.21902780000
                    ]
                ]
            }
        },
        {
            "type": "Feature",
            "properties": {
                "highway": "traffic_signals",
                "traffic_signals": "pedestrian_crossing",
				"direction": "backward",
                "traffic_signals:direction": "backward"
            },
            "geometry": {
                "type": "Point",
                "coordinates": [
                    1.71635350000,
                    41.21911490000
                ]
            }
        },
        {
            "type": "Feature",
            "properties": {
                "highway": "crossing"
            },
            "geometry": {
                "type": "Point",
                "coordinates": [
                    1.71524500000,
                    41.22061010000
                ]
            }
        },
        {
            "type": "Feature",
            "properties": {
                "direction": "forward",
                "overtaking": "no",
                "side": "left",
                "traffic_sign": "ES:R305"
            },
            "geometry": {
                "type": "Point",
                "coordinates": [
                    1.71592020000,
                    41.21886080000
                ]
            }
        },
        {
            "type": "Feature",
            "properties": {
                "change:lanes:backward": "no",
                "change:lanes:forward": "no",
                "highway": "tertiary",
                "lanes": "2",
                "lanes:backward": "1",
                "lanes:forward": "1",
                "lit": "yes",
                "maxspeed": "40",
                "name": "Avinguda de Cubelles",
                "name:1966": "Carretera de Barcelona a Valls C-246",
                "name:ca": "Avinguda de Cubelles",
                "oneway": "no",
                "parking:condition:both": "no_stopping",
                "ref": "C-246a",
                "surface": "asphalt",
                "width": "9"
            },
            "geometry": {
                "type": "LineString",
                "coordinates": [
                    [
                        1.71594290000,
                        41.21886740000
                    ],
                    [
                        1.71592020000,
                        41.21886080000
                    ],
                    [
                        1.71590260000,
                        41.21885560000
                    ],
                    [
                        1.71587550000,
                        41.21884770000
                    ],
                    [
                        1.71581620000,
                        41.21883040000
                    ],
                    [
                        1.71530020000,
                        41.21867980000
                    ],
                    [
                        1.71481220000,
                        41.21853730000
                    ],
                    [
                        1.71471570000,
                        41.21850910000
                    ]
                ]
            }
        },
        {
            "type": "Feature",
            "properties": {
                "addr:postcode": "08800",
                "source": "survey",
                "source:date": "2016-08-02"
            },
            "geometry": {
                "type": "Point",
                "coordinates": [
                    1.71628600000,
                    41.21927400000
                ]
            }
        },
        {
            "type": "Feature",
            "properties": {
                "footway": "sidewalk",
                "highway": "footway",
                "lit": "yes",
                "name": "Avinguda de Cubelles",
                "name:ca": "Avinguda de Cubelles"
            },
            "geometry": {
                "type": "LineString",
                "coordinates": [
                    [
                        1.71654300000,
                        41.21910650000
                    ],
                    [
                        1.71652610000,
                        41.21910300000
                    ],
                    [
                        1.71639190000,
                        41.21906670000
                    ],
                    [
                        1.71637170000,
                        41.21906630000
                    ]
                ]
            }
        },
        {
            "type": "Feature",
            "properties": {
                "highway": "crossing"
            },
            "geometry": {
                "type": "Point",
                "coordinates": [
                    1.71558100000,
                    41.22006160000
                ]
            }
        },
        {
            "type": "Feature",
            "properties": {
                "highway": "traffic_signals",
                "traffic_signals": "pedestrian_crossing",
				"direction": "forward",
                "traffic_signals:direction": "forward"
            },
            "geometry": {
                "type": "Point",
                "coordinates": [
                    1.71654940000,
                    41.21909250000
                ]
            }
        },
        {
            "type": "Feature",
            "properties": {
                "bridge": "yes",
                "change:lanes:backward": "no",
                "change:lanes:forward": "no",
                "crossing": "traffic_signals",
                "highway": "tertiary",
                "lanes": "2",
                "lanes:backward": "1",
                "lanes:forward": "1",
                "layer": "1",
                "lit": "yes",
                "maxspeed": "30",
                "maxweight:signed": "no",
                "name": "Avinguda de Cubelles",
                "name:1966": "Carretera de Barcelona a Valls C-246",
                "name:ca": "Avinguda de Cubelles",
                "oneway": "no",
                "parking:condition:both": "no_stopping",
                "ref": "C-246a",
                "sidewalk": "right",
                "surface": "asphalt",
                "width": "8"
            },
            "geometry": {
                "type": "LineString",
                "coordinates": [
                    [
                        1.71616160000,
                        41.21893650000
                    ],
                    [
                        1.71613930000,
                        41.21892920000
                    ],
                    [
                        1.71612560000,
                        41.21892440000
                    ],
                    [
                        1.71611790000,
                        41.21892200000
                    ],
                    [
                        1.71594290000,
                        41.21886740000
                    ]
                ]
            }
        },
        {
            "type": "Feature",
            "properties": {
                "admin_level": "10",
                "boundary": "administrative"
            },
            "geometry": {
                "type": "LineString",
                "coordinates": [
                    [
                        1.71620610000,
                        41.21896090000
                    ],
                    [
                        1.72378060000,
                        41.22119630000
                    ]
                ]
            }
        },
        {
            "type": "Feature",
            "properties": {
                "direction": "backward",
                "side": "both",
                "traffic_sign": "ES:R101"
            },
            "geometry": {
                "type": "Point",
                "coordinates": [
                    1.71769270000,
                    41.21947950000
                ]
            }
        },
        {
            "type": "Feature",
            "properties": {
                "direction": "backward",
                "traffic_sign": "ES:S29"
            },
            "geometry": {
                "type": "Point",
                "coordinates": [
                    1.71591050000,
                    41.21891440000
                ]
            }
        },
        {
            "type": "Feature",
            "properties": {
                "footway": "sidewalk",
                "highway": "footway",
                "lit": "yes",
                "name": "Avinguda de Cubelles",
                "name:ca": "Avinguda de Cubelles",
                "smoothness": "good",
                "surface": "paving_stones"
            },
            "geometry": {
                "type": "LineString",
                "coordinates": [
                    [
                        1.71738620000,
                        41.21946020000
                    ],
                    [
                        1.71738540000,
                        41.21944090000
                    ],
                    [
                        1.71737880000,
                        41.21942870000
                    ],
                    [
                        1.71729970000,
                        41.21940570000
                    ],
                    [
                        1.71692720000,
                        41.21929280000
                    ],
                    [
                        1.71671130000,
                        41.21922730000
                    ],
                    [
                        1.71652840000,
                        41.21917550000
                    ],
                    [
                        1.71650130000,
                        41.21917060000
                    ],
                    [
                        1.71635300000,
                        41.21912450000
                    ],
                    [
                        1.71624070000,
                        41.21909440000
                    ],
                    [
                        1.71622580000,
                        41.21909960000
                    ]
                ]
            }
        },
        {
            "type": "Feature",
            "properties": {
                "highway": "residential",
                "lanes": "1",
                "lit": "yes",
                "maxspeed": "30",
                "name": "Avinguda de Cubelles",
                "name:ca": "Avinguda de Cubelles",
                "oneway": "yes",
                "parking:condition:left": "no_stopping",
                "parking:condition:right": "free",
                "parking:lane:right": "parallel",
                "smoothness": "good",
                "surface": "asphalt",
                "width": "5"
            },
            "geometry": {
                "type": "LineString",
                "coordinates": [
                    [
                        1.71933100000,
                        41.21995120000
                    ],
                    [
                        1.71879500000,
                        41.21979680000
                    ],
                    [
                        1.71856530000,
                        41.21973070000
                    ],
                    [
                        1.71800170000,
                        41.21956850000
                    ],
                    [
                        1.71772740000,
                        41.21948950000
                    ],
                    [
                        1.71771020000,
                        41.21948450000
                    ],
                    [
                        1.71769270000,
                        41.21947950000
                    ],
                    [
                        1.71763540000,
                        41.21946300000
                    ],
                    [
                        1.71755300000,
                        41.21943930000
                    ],
                    [
                        1.71752910000,
                        41.21943240000
                    ],
                    [
                        1.71751620000,
                        41.21942870000
                    ],
                    [
                        1.71746490000,
                        41.21941390000
                    ],
                    [
                        1.71737570000,
                        41.21938820000
                    ],
                    [
                        1.71731890000,
                        41.21937190000
                    ],
                    [
                        1.71672450000,
                        41.21920070000
                    ],
                    [
                        1.71667350000,
                        41.21918600000
                    ],
                    [
                        1.71654300000,
                        41.21914850000
                    ],
                    [
                        1.71653170000,
                        41.21914520000
                    ]
                ]
            }
        },
        {
            "type": "Feature",
            "properties": {
                "crossing": "traffic_signals",
                "footway": "crossing",
                "highway": "footway",
                "name": "Avinguda de Cubelles",
                "name:ca": "Avinguda de Cubelles"
            },
            "geometry": {
                "type": "LineString",
                "coordinates": [
                    [
                        1.71663630000,
                        41.21892940000
                    ],
                    [
                        1.71662850000,
                        41.21894220000
                    ],
                    [
                        1.71662070000,
                        41.21895260000
                    ],
                    [
                        1.71660760000,
                        41.21897030000
                    ],
                    [
                        1.71659490000,
                        41.21899470000
                    ],
                    [
                        1.71659100000,
                        41.21900220000
                    ],
                    [
                        1.71658490000,
                        41.21901670000
                    ],
                    [
                        1.71658140000,
                        41.21902500000
                    ],
                    [
                        1.71656810000,
                        41.21905500000
                    ],
                    [
                        1.71655310000,
                        41.21908520000
                    ],
                    [
                        1.71654940000,
                        41.21909250000
                    ],
                    [
                        1.71654300000,
                        41.21910650000
                    ]
                ]
            }
        },
        {
            "type": "Feature",
            "properties": {
                "highway": "traffic_signals",
                "traffic_signals": "cyclist_crossing",
				"direction": "forward",
                "traffic_signals:direction": "forward"
            },
            "geometry": {
                "type": "Point",
                "coordinates": [
                    1.71613300000,
                    41.21896940000
                ]
            }
        },
        {
            "type": "Feature",
            "properties": {
                "highway": "traffic_signals",
                "side": "left",
                "traffic_signals:direction": "backward"
            },
            "geometry": {
                "type": "Point",
                "coordinates": [
                    1.71587550000,
                    41.21884770000
                ]
            }
        },
        {
            "type": "Feature",
            "properties": {
                "building:levels": "11",
                "building:part": "yes"
            },
            "geometry": {
                "type": "Polygon",
                "coordinates": [
                    [
                        [
                            1.71691770000,
                            41.21893340000
                        ],
                        [
                            1.71702330000,
                            41.21896510000
                        ],
                        [
                            1.71705140000,
                            41.21891340000
                        ],
                        [
                            1.71703440000,
                            41.21890870000
                        ],
                        [
                            1.71709180000,
                            41.21879580000
                        ],
                        [
                            1.71687850000,
                            41.21873130000
                        ],
                        [
                            1.71683600000,
                            41.21881230000
                        ],
                        [
                            1.71681840000,
                            41.21880800000
                        ],
                        [
                            1.71677800000,
                            41.21889140000
                        ],
                        [
                            1.71688390000,
                            41.21892320000
                        ],
                        [
                            1.71692530000,
                            41.21884030000
                        ],
                        [
                            1.71696130000,
                            41.21885110000
                        ],
                        [
                            1.71694790000,
                            41.21887700000
                        ],
                        [
                            1.71694140000,
                            41.21888830000
                        ],
                        [
                            1.71691770000,
                            41.21893340000
                        ]
                    ]
                ]
            }
        },
        {
            "type": "Feature",
            "properties": {
                "barrier": "kerb"
            },
            "geometry": {
                "type": "Point",
                "coordinates": [
                    1.71614380000,
                    41.21890000000
                ]
            }
        },
        {
            "type": "Feature",
            "properties": {
                "addr:postcode": "08800",
                "source": "survey",
                "source:date": "2016-08-02"
            },
            "geometry": {
                "type": "Point",
                "coordinates": [
                    1.71645020000,
                    41.21921020000
                ]
            }
        },
        {
            "type": "Feature",
            "properties": {
                "bicycle": "designated",
                "bicycle_road": "yes",
                "foot": "permissive",
                "highway": "proposed",
                "lanes": "1",
                "maxspeed": "30",
                "name": "Carrer del Montseny",
                "name:ca": "Carrer del Montseny",
                "oneway:bicycle": "no",
                "proposed": "cycleway",
                "vehicle": "no",
                "width": "3"
            },
            "geometry": {
                "type": "LineString",
                "coordinates": [
                    [
                        1.71966720000,
                        41.21799720000
                    ],
                    [
                        1.71959700000,
                        41.21804830000
                    ],
                    [
                        1.71953340000,
                        41.21808930000
                    ],
                    [
                        1.71861490000,
                        41.21829850000
                    ],
                    [
                        1.71803310000,
                        41.21843790000
                    ],
                    [
                        1.71744930000,
                        41.21857240000
                    ],
                    [
                        1.71694900000,
                        41.21868350000
                    ],
                    [
                        1.71661110000,
                        41.21876220000
                    ],
                    [
                        1.71659100000,
                        41.21874740000
                    ],
                    [
                        1.71658310000,
                        41.21871060000
                    ]
                ]
            }
        },
        {
            "type": "Feature",
            "properties": null,
            "geometry": {
                "type": "LineString",
                "coordinates": [
                    [
                        1.72218400000,
                        41.21743750000
                    ],
                    [
                        1.72199200000,
                        41.21747580000
                    ],
                    [
                        1.72134780000,
                        41.21761050000
                    ],
                    [
                        1.72029200000,
                        41.21783400000
                    ],
                    [
                        1.71902860000,
                        41.21811550000
                    ],
                    [
                        1.71763170000,
                        41.21844510000
                    ],
                    [
                        1.71641440000,
                        41.21874150000
                    ],
                    [
                        1.71627870000,
                        41.21878720000
                    ],
                    [
                        1.71619210000,
                        41.21886110000
                    ]
                ]
            }
        },
        {
            "type": "Feature",
            "properties": {
                "addr:housenumber": "84",
                "addr:postcode": "08800",
                "addr:street": "Avinguda de Cubelles",
                "amenity": "fuel",
                "brand": "Galp",
                "brand:website": "https://galp.com",
                "brand:wikidata": "Q1492739",
                "brand:wikipedia": "es:Galp",
                "building": "roof",
                "changing_table": "no",
                "check_date": "2026-02-06",
                "compressed_air": "yes",
                "email": "marmalen72@hotmail.com",
                "fuel:diesel": "yes",
                "fuel:GTL_diesel": "yes",
                "fuel:octane_95": "yes",
                "fuel:octane_98": "yes",
                "landuse": "retail",
                "name": "Galp",
                "opening_hours": "24/7",
                "operator": "Galp",
                "phone": "+34 938106023",
                "source": "survey",
                "source:date": "2016-08-02",
                "wheelchair": "yes"
            },
            "geometry": {
                "type": "Polygon",
                "coordinates": [
                    [
                        [
                            1.71639860000,
                            41.21930630000
                        ],
                        [
                            1.71645020000,
                            41.21921020000
                        ],
                        [
                            1.71633750000,
                            41.21917780000
                        ],
                        [
                            1.71628600000,
                            41.21927400000
                        ],
                        [
                            1.71639860000,
                            41.21930630000
                        ]
                    ]
                ]
            }
        },
        {
            "type": "Feature",
            "properties": {
                "highway": "residential",
                "lanes": "1",
                "lit": "yes",
                "maxspeed": "30",
                "name": "Carrer del Montseny",
                "name:ca": "Carrer del Montseny",
                "oneway": "yes",
                "parking:condition:both": "no_stopping",
                "sidewalk": "right",
                "surface": "asphalt",
                "width": "4"
            },
            "geometry": {
                "type": "LineString",
                "coordinates": [
                    [
                        1.71659100000,
                        41.21874740000
                    ],
                    [
                        1.71657570000,
                        41.21877460000
                    ],
                    [
                        1.71653830000,
                        41.21881760000
                    ],
                    [
                        1.71651550000,
                        41.21888000000
                    ],
                    [
                        1.71649850000,
                        41.21893810000
                    ]
                ]
            }
        },
        {
            "type": "Feature",
            "properties": {
                "direction": "forward",
                "highway": "passing_place",
                "side": "right",
                "traffic_sign": "ES:P20"
            },
            "geometry": {
                "type": "Point",
                "coordinates": [
                    1.71471570000,
                    41.21850910000
                ]
            }
        },
        {
            "type": "Feature",
            "properties": {
                "direction": "forward",
                "traffic_sign": "ES:S28"
            },
            "geometry": {
                "type": "Point",
                "coordinates": [
                    1.71591720000,
                    41.21891230000
                ]
            }
        },
        {
            "type": "Feature",
            "properties": {
                "barrier": "kerb"
            },
            "geometry": {
                "type": "Point",
                "coordinates": [
                    1.71619790000,
                    41.21908680000
                ]
            }
        },
        {
            "type": "Feature",
            "properties": {
                "bicycle": "yes",
                "crossing": "traffic_signals",
                "footway": "crossing",
                "highway": "footway",
                "lit": "yes",
                "name": "Avinguda de Cubelles",
                "name:ca": "Avinguda de Cubelles"
            },
            "geometry": {
                "type": "LineString",
                "coordinates": [
                    [
                        1.71610150000,
                        41.21896690000
                    ],
                    [
                        1.71610560000,
                        41.21895880000
                    ],
                    [
                        1.71610850000,
                        41.21895370000
                    ],
                    [
                        1.71612560000,
                        41.21892440000
                    ],
                    [
                        1.71614380000,
                        41.21890000000
                    ],
                    [
                        1.71614730000,
                        41.21889530000
                    ],
                    [
                        1.71615730000,
                        41.21888160000
                    ],
                    [
                        1.71619140000,
                        41.21889120000
                    ]
                ]
            }
        },
        {
            "type": "Feature",
            "properties": {
                "crossing": "traffic_signals",
                "highway": "crossing"
            },
            "geometry": {
                "type": "Point",
                "coordinates": [
                    1.71731890000,
                    41.21937190000
                ]
            }
        },
        {
            "type": "Feature",
            "properties": {
                "footway": "sidewalk",
                "highway": "footway",
                "lit": "yes",
                "name": "Avinguda de Cubelles",
                "name:ca": "Avinguda de Cubelles"
            },
            "geometry": {
                "type": "LineString",
                "coordinates": [
                    [
                        1.71706420000,
                        41.21899520000
                    ],
                    [
                        1.71704180000,
                        41.21900820000
                    ],
                    [
                        1.71703040000,
                        41.21900470000
                    ],
                    [
                        1.71698600000,
                        41.21899090000
                    ],
                    [
                        1.71673030000,
                        41.21891070000
                    ],
                    [
                        1.71670730000,
                        41.21895440000
                    ],
                    [
                        1.71663630000,
                        41.21892940000
                    ]
                ]
            }
        },
        {
            "type": "Feature",
            "properties": {
                "direction": "forward",
                "distance": "150 m",
                "highway": "yield_ahead",
                "side": "right",
                "traffic_sign": "ES:R1"
            },
            "geometry": {
                "type": "Point",
                "coordinates": [
                    1.71530020000,
                    41.21867980000
                ]
            }
        },
        {
            "type": "Feature",
            "properties": {
                "highway": "residential",
                "lanes": "1",
                "lit": "yes",
                "maxspeed": "30",
                "name": "Avinguda de Cubelles",
                "name:ca": "Avinguda de Cubelles",
                "oneway": "yes",
                "surface": "paved",
                "width": "5"
            },
            "geometry": {
                "type": "LineString",
                "coordinates": [
                    [
                        1.71627790000,
                        41.21906480000
                    ],
                    [
                        1.71618510000,
                        41.21903820000
                    ]
                ]
            }
        },
        {
            "type": "Feature",
            "properties": {
                "change:lanes:backward": "no",
                "change:lanes:forward": "no",
                "highway": "tertiary",
                "lanes": "2",
                "lanes:backward": "1",
                "lanes:forward": "1",
                "lit": "yes",
                "maxspeed": "30",
                "name": "Avinguda de Cubelles",
                "name:1966": "Carretera de Barcelona a Valls C-246",
                "name:ca": "Avinguda de Cubelles",
                "oneway": "no",
                "parking:condition:both": "no_stopping",
                "ref": "C-246a",
                "smoothness": "excellent",
                "surface": "asphalt",
                "width": "8"
            },
            "geometry": {
                "type": "LineString",
                "coordinates": [
                    [
                        1.71622840000,
                        41.21895600000
                    ],
                    [
                        1.71616160000,
                        41.21893650000
                    ]
                ]
            }
        },
        {
            "type": "Feature",
            "properties": {
                "barrier": "kerb"
            },
            "geometry": {
                "type": "Point",
                "coordinates": [
                    1.71655310000,
                    41.21908520000
                ]
            }
        },
        {
            "type": "Feature",
            "properties": {
                "button_operated": "no",
                "crossing": "traffic_signals",
                "crossing:island": "no",
                "highway": "crossing",
                "tactile_paving": "no",
                "traffic_signals:sound": "no",
                "traffic_signals:vibration": "no"
            },
            "geometry": {
                "type": "Point",
                "coordinates": [
                    1.71612560000,
                    41.21892440000
                ]
            }
        },
        {
            "type": "Feature",
            "properties": {
                "change:lanes:backward": "no",
                "change:lanes:forward": "no",
                "highway": "residential",
                "lanes": "2",
                "lanes:backward": "1",
                "lanes:forward": "1",
                "lit": "yes",
                "maxspeed": "30",
                "name": "Carrer del Montseny",
                "name:ca": "Carrer del Montseny",
                "oneway": "no",
                "parking:condition:both": "no_stopping",
                "sidewalk": "left",
                "surface": "paved",
                "turn:lanes:backward": "through",
                "turn:lanes:forward": "through",
                "width": "7"
            },
            "geometry": {
                "type": "LineString",
                "coordinates": [
                    [
                        1.71659100000,
                        41.21874740000
                    ],
                    [
                        1.71745590000,
                        41.21855900000
                    ],
                    [
                        1.71804760000,
                        41.21841520000
                    ],
                    [
                        1.71862380000,
                        41.21827530000
                    ],
                    [
                        1.71959700000,
                        41.21804830000
                    ],
                    [
                        1.71967180000,
                        41.21803350000
                    ],
                    [
                        1.71971530000,
                        41.21803990000
                    ],
                    [
                        1.71974260000,
                        41.21804390000
                    ]
                ]
            }
        },
        {
            "type": "Feature",
            "properties": {
                "admin_level": "10",
                "boundary": "administrative"
            },
            "geometry": {
                "type": "LineString",
                "coordinates": [
                    [
                        1.71620610000,
                        41.21896090000
                    ],
                    [
                        1.71631340000,
                        41.21877120000
                    ],
                    [
                        1.72220350000,
                        41.21741540000
                    ]
                ]
            }
        },
        {
            "type": "Feature",
            "properties": {
                "area:highway": "traffic_island",
                "kerb": "yes",
                "leisure": "garden"
            },
            "geometry": {
                "type": "Polygon",
                "coordinates": [
                    [
                        [
                            1.71735410000,
                            41.21924280000
                        ],
                        [
                            1.71735960000,
                            41.21923090000
                        ],
                        [
                            1.71709780000,
                            41.21915290000
                        ],
                        [
                            1.71662160000,
                            41.21901110000
                        ],
                        [
                            1.71661590000,
                            41.21902670000
                        ],
                        [
                            1.71735410000,
                            41.21924280000
                        ]
                    ]
                ]
            }
        },
        {
            "type": "Feature",
            "properties": {
                "highway": "residential",
                "lanes": "1",
                "lit": "yes",
                "maxspeed": "30",
                "name": "Avinguda de Cubelles",
                "name:ca": "Avinguda de Cubelles",
                "oneway": "yes",
                "parking:condition:right": "free",
                "parking:lane:right": "parallel",
                "sidewalk": "both",
                "surface": "paved",
                "width": "5"
            },
            "geometry": {
                "type": "LineString",
                "coordinates": [
                    [
                        1.71653170000,
                        41.21914520000
                    ],
                    [
                        1.71640010000,
                        41.21910350000
                    ],
                    [
                        1.71637930000,
                        41.21909690000
                    ],
                    [
                        1.71636320000,
                        41.21909180000
                    ],
                    [
                        1.71627790000,
                        41.21906480000
                    ]
                ]
            }
        },
        {
            "type": "Feature",
            "properties": {
                "highway": "traffic_signals"
            },
            "geometry": {
                "type": "Point",
                "coordinates": [
                    1.71722220000,
                    41.21925310000
                ]
            }
        },
        {
            "type": "Feature",
            "properties": {
                "addr:postcode": "08800",
                "source": "survey",
                "source:date": "2016-08-02"
            },
            "geometry": {
                "type": "Point",
                "coordinates": [
                    1.71633750000,
                    41.21917780000
                ]
            }
        },
        {
            "type": "Feature",
            "properties": {
                "access": "customers",
                "amenity": "parking",
                "fee": "no",
                "parking": "surface",
                "parking:condition": "customers",
                "parking:lane": "perpendicular"
            },
            "geometry": {
                "type": "Polygon",
                "coordinates": [
                    [
                        [
                            1.71673040000,
                            41.21924610000
                        ],
                        [
                            1.71688610000,
                            41.21929390000
                        ],
                        [
                            1.71693640000,
                            41.21930930000
                        ],
                        [
                            1.71692280000,
                            41.21933570000
                        ],
                        [
                            1.71688060000,
                            41.21941840000
                        ],
                        [
                            1.71683580000,
                            41.21950460000
                        ],
                        [
                            1.71726870000,
                            41.21963120000
                        ],
                        [
                            1.71723110000,
                            41.21971000000
                        ],
                        [
                            1.71721740000,
                            41.21970610000
                        ],
                        [
                            1.71679670000,
                            41.21958750000
                        ],
                        [
                            1.71674770000,
                            41.21957370000
                        ],
                        [
                            1.71647000000,
                            41.21948510000
                        ],
                        [
                            1.71648660000,
                            41.21945630000
                        ],
                        [
                            1.71655000000,
                            41.21933360000
                        ],
                        [
                            1.71647680000,
                            41.21931230000
                        ],
                        [
                            1.71653850000,
                            41.21919100000
                        ],
                        [
                            1.71661140000,
                            41.21921190000
                        ],
                        [
                            1.71668130000,
                            41.21923200000
                        ],
                        [
                            1.71673040000,
                            41.21924610000
                        ]
                    ]
                ]
            }
        },
        {
            "type": "Feature",
            "properties": {
                "highway": "crossing"
            },
            "geometry": {
                "type": "Point",
                "coordinates": [
                    1.71660760000,
                    41.21897030000
                ]
            }
        },
        {
            "type": "Feature",
            "properties": {
                "addr:housenumber": "57",
                "addr:postcode": "08800",
                "addr:street": "Avinguda de Cubelles",
                "entrance": "yes",
                "source": "survey",
                "source:date": "2016-08-02"
            },
            "geometry": {
                "type": "Point",
                "coordinates": [
                    1.71691770000,
                    41.21893340000
                ]
            }
        },
        {
            "type": "Feature",
            "properties": {
                "direction": "forward",
                "highway": "give_way",
                "side": "left",
                "traffic_sign": "ES:R1"
            },
            "geometry": {
                "type": "Point",
                "coordinates": [
                    1.71752910000,
                    41.21943240000
                ]
            }
        },
        {
            "type": "Feature",
            "properties": {
                "barrier": "kerb"
            },
            "geometry": {
                "type": "Point",
                "coordinates": [
                    1.71659100000,
                    41.21900220000
                ]
            }
        },
        {
            "type": "Feature",
            "properties": {
                "highway": "crossing"
            },
            "geometry": {
                "type": "Point",
                "coordinates": [
                    1.71616110000,
                    41.21907440000
                ]
            }
        },
        {
            "type": "Feature",
            "properties": {
                "area:highway": "traffic_island",
                "kerb": "yes",
                "leisure": "garden"
            },
            "geometry": {
                "type": "Polygon",
                "coordinates": [
                    [
                        [
                            1.71730670000,
                            41.21933810000
                        ],
                        [
                            1.71680960000,
                            41.21919040000
                        ],
                        [
                            1.71640340000,
                            41.21907380000
                        ],
                        [
                            1.71639900000,
                            41.21908400000
                        ],
                        [
                            1.71680960000,
                            41.21920400000
                        ],
                        [
                            1.71729920000,
                            41.21934530000
                        ],
                        [
                            1.71730670000,
                            41.21933810000
                        ]
                    ]
                ]
            }
        },
        {
            "type": "Feature",
            "properties": {
                "bicycle": "yes",
                "footway": "sidewalk",
                "highway": "footway",
                "incline": "no",
                "kerb": "no",
                "lanes": "1",
                "lit": "yes",
                "name": "Avinguda de Cubelles",
                "name:ca": "Avinguda de Cubelles",
                "smoothness": "excellent",
                "surface": "compacted",
                "width": "5"
            },
            "geometry": {
                "type": "LineString",
                "coordinates": [
                    [
                        1.71591720000,
                        41.21891230000
                    ],
                    [
                        1.71591050000,
                        41.21891440000
                    ],
                    [
                        1.71589060000,
                        41.21891780000
                    ],
                    [
                        1.71586440000,
                        41.21892290000
                    ],
                    [
                        1.71557730000,
                        41.21884270000
                    ],
                    [
                        1.71529280000,
                        41.21875800000
                    ],
                    [
                        1.71524800000,
                        41.21875580000
                    ],
                    [
                        1.71519450000,
                        41.21875320000
                    ],
                    [
                        1.71507680000,
                        41.21874640000
                    ],
                    [
                        1.71485830000,
                        41.21865100000
                    ],
                    [
                        1.71457790000,
                        41.21856130000
                    ],
                    [
                        1.71451170000,
                        41.21854010000
                    ],
                    [
                        1.71430740000,
                        41.21848180000
                    ],
                    [
                        1.71393620000,
                        41.21837280000
                    ],
                    [
                        1.71362070000,
                        41.21828240000
                    ],
                    [
                        1.71338790000,
                        41.21826970000
                    ],
                    [
                        1.71321610000,
                        41.21826330000
                    ],
                    [
                        1.71317840000,
                        41.21828180000
                    ]
                ]
            }
        },
        {
            "type": "Feature",
            "properties": {
                "highway": "traffic_signals",
                "traffic_signals": "pedestrian_crossing",
                "traffic_signals:direction": "forward"
            },
            "geometry": {
                "type": "Point",
                "coordinates": [
                    1.71614730000,
                    41.21889530000
                ]
            }
        },
        {
            "type": "Feature",
            "properties": {
                "highway": "traffic_signals",
                "traffic_signals:direction": "forward"
            },
            "geometry": {
                "type": "Point",
                "coordinates": [
                    1.71640010000,
                    41.21910350000
                ]
            }
        },
        {
            "type": "Feature",
            "properties": {
                "bicycle": "designated",
                "bicycle_road": "yes",
                "foot": "permissive",
                "highway": "cycleway",
                "lanes": "1",
                "maxspeed": "30",
                "name": "Carrer del Montseny",
                "name:ca": "Carrer del Montseny",
                "oneway:bicycle": "no",
                "vehicle": "no",
                "width": "3"
            },
            "geometry": {
                "type": "LineString",
                "coordinates": [
                    [
                        1.71972580000,
                        41.21800790000
                    ],
                    [
                        1.71966720000,
                        41.21799720000
                    ],
                    [
                        1.71949940000,
                        41.21803520000
                    ],
                    [
                        1.71926170000,
                        41.21809550000
                    ],
                    [
                        1.71830750000,
                        41.21830890000
                    ],
                    [
                        1.71761100000,
                        41.21847810000
                    ],
                    [
                        1.71707710000,
                        41.21860450000
                    ],
                    [
                        1.71686160000,
                        41.21864320000
                    ],
                    [
                        1.71658310000,
                        41.21871060000
                    ],
                    [
                        1.71641250000,
                        41.21876590000
                    ],
                    [
                        1.71632480000,
                        41.21880250000
                    ],
                    [
                        1.71624440000,
                        41.21885220000
                    ],
                    [
                        1.71619140000,
                        41.21889120000
                    ]
                ]
            }
        },
        {
            "type": "Feature",
            "properties": {
                "highway": "residential",
                "lanes": "1",
                "lit": "yes",
                "maxspeed": "30",
                "name": "Avinguda de Cubelles",
                "name:ca": "Avinguda de Cubelles",
                "oneway": "yes",
                "parking:condition:both": "no_stopping",
                "service": "driveway",
                "sidewalk": "right",
                "surface": "asphalt",
                "width": "5"
            },
            "geometry": {
                "type": "LineString",
                "coordinates": [
                    [
                        1.71649850000,
                        41.21893810000
                    ],
                    [
                        1.71655170000,
                        41.21895400000
                    ],
                    [
                        1.71658600000,
                        41.21896430000
                    ]
                ]
            }
        },
        {
            "type": "Feature",
            "properties": {
                "change:lanes:backward": "no",
                "change:lanes:forward": "no",
                "highway": "tertiary",
                "lanes": "2",
                "lanes:backward": "1",
                "lanes:forward": "1",
                "lit": "yes",
                "maxspeed": "30",
                "name": "Avinguda de Cubelles",
                "name:1966": "Carretera de Barcelona a Valls C-246",
                "name:ca": "Avinguda de Cubelles",
                "oneway": "no",
                "parking:condition:both": "no_stopping",
                "ref": "C-246a",
                "surface": "asphalt",
                "width": "8"
            },
            "geometry": {
                "type": "LineString",
                "coordinates": [
                    [
                        1.71733850000,
                        41.21928700000
                    ],
                    [
                        1.71722220000,
                        41.21925310000
                    ],
                    [
                        1.71696940000,
                        41.21917200000
                    ],
                    [
                        1.71665020000,
                        41.21907900000
                    ],
                    [
                        1.71663350000,
                        41.21907410000
                    ],
                    [
                        1.71656810000,
                        41.21905500000
                    ],
                    [
                        1.71647480000,
                        41.21902780000
                    ],
                    [
                        1.71622840000,
                        41.21895600000
                    ]
                ]
            }
        },
        {
            "type": "Feature",
            "properties": {
                "destination": "Vilanova empresa,Consorci de Turisme,Mancomunitat Penedès-Garraf",
                "direction": "forward",
                "side": "right",
                "traffic_sign": "ES:CAT:S700",
                "turn:destination": "right,right,right"
            },
            "geometry": {
                "type": "Point",
                "coordinates": [
                    1.71481220000,
                    41.21853730000
                ]
            }
        },
        {
            "type": "Feature",
            "properties": {
                "direction": "forward",
                "restriction": "no_left_turn",
                "side": "right",
                "traffic_sign": "ES:R303"
            },
            "geometry": {
                "type": "Point",
                "coordinates": [
                    1.71696940000,
                    41.21917200000
                ]
            }
        },
        {
            "type": "Feature",
            "properties": {
                "addr:postcode": "08800",
                "source": "survey",
                "source:date": "2016-08-02"
            },
            "geometry": {
                "type": "Point",
                "coordinates": [
                    1.71639860000,
                    41.21930630000
                ]
            }
        },
        {
            "type": "Feature",
            "properties": {
                "bicycle": "designated",
                "bicycle_road": "yes",
                "highway": "cycleway",
                "lanes": "1",
                "maxspeed": "30",
                "name": "Carril Bici Torrent de Sant Joan",
                "name:ca": "Carril Bici Torrent de Sant Joan",
                "oneway:bicycle": "no",
                "vehicle": "no",
                "width": "3"
            },
            "geometry": {
                "type": "LineString",
                "coordinates": [
                    [
                        1.71619140000,
                        41.21889120000
                    ],
                    [
                        1.71618320000,
                        41.21890290000
                    ],
                    [
                        1.71616160000,
                        41.21893650000
                    ],
                    [
                        1.71613300000,
                        41.21896940000
                    ],
                    [
                        1.71612630000,
                        41.21897930000
                    ],
                    [
                        1.71611790000,
                        41.21898960000
                    ],
                    [
                        1.71608080000,
                        41.21900100000
                    ],
                    [
                        1.71604720000,
                        41.21905540000
                    ],
                    [
                        1.71597770000,
                        41.21917450000
                    ],
                    [
                        1.71592400000,
                        41.21923870000
                    ],
                    [
                        1.71575320000,
                        41.21934950000
                    ],
                    [
                        1.71560570000,
                        41.21940300000
                    ],
                    [
                        1.71544310000,
                        41.21945030000
                    ],
                    [
                        1.71530670000,
                        41.21950850000
                    ],
                    [
                        1.71526340000,
                        41.21953120000
                    ],
                    [
                        1.71521350000,
                        41.21955970000
                    ],
                    [
                        1.71517570000,
                        41.21959040000
                    ],
                    [
                        1.71508460000,
                        41.21970450000
                    ],
                    [
                        1.71508210000,
                        41.21974960000
                    ]
                ]
            }
        },
        {
            "type": "Feature",
            "properties": {
                "button_operated": "no",
                "crossing": "traffic_signals",
                "crossing:island": "no",
                "highway": "crossing"
            },
            "geometry": {
                "type": "Point",
                "coordinates": [
                    1.71616160000,
                    41.21893650000
                ]
            }
        },
        {
            "type": "Feature",
            "properties": {
                "intermittent": "yes",
                "name": "Torrent de Sant Joan",
                "name:ca": "Torrent de Sant Joan",
                "waterway": "drain"
            },
            "geometry": {
                "type": "LineString",
                "coordinates": [
                    [
                        1.71050740000,
                        41.22421820000
                    ],
                    [
                        1.71091690000,
                        41.22389440000
                    ],
                    [
                        1.71107950000,
                        41.22368030000
                    ],
                    [
                        1.71116080000,
                        41.22339090000
                    ],
                    [
                        1.71135600000,
                        41.22301380000
                    ],
                    [
                        1.71179500000,
                        41.22248990000
                    ],
                    [
                        1.71231970000,
                        41.22184670000
                    ],
                    [
                        1.71270830000,
                        41.22147070000
                    ],
                    [
                        1.71303080000,
                        41.22124230000
                    ],
                    [
                        1.71326660000,
                        41.22091210000
                    ],
                    [
                        1.71351600000,
                        41.22069600000
                    ],
                    [
                        1.71384660000,
                        41.22055330000
                    ],
                    [
                        1.71450520000,
                        41.22018230000
                    ],
                    [
                        1.71473550000,
                        41.21999480000
                    ],
                    [
                        1.71498480000,
                        41.21953410000
                    ],
                    [
                        1.71521250000,
                        41.21944440000
                    ],
                    [
                        1.71587920000,
                        41.21903060000
                    ],
                    [
                        1.71618270000,
                        41.21879410000
                    ],
                    [
                        1.71652960000,
                        41.21869010000
                    ],
                    [
                        1.71854870000,
                        41.21821310000
                    ],
                    [
                        1.71937260000,
                        41.21802150000
                    ],
                    [
                        1.71975010000,
                        41.21793240000
                    ],
                    [
                        1.72047830000,
                        41.21776050000
                    ],
                    [
                        1.72188760000,
                        41.21746290000
                    ],
                    [
                        1.72209560000,
                        41.21740720000
                    ]
                ]
            }
        },
        {
            "type": "Feature",
            "properties": {
                "highway": "crossing"
            },
            "geometry": {
                "type": "Point",
                "coordinates": [
                    1.71636320000,
                    41.21909180000
                ]
            }
        },
        {
            "type": "Feature",
            "properties": {
                "barrier": "kerb"
            },
            "geometry": {
                "type": "Point",
                "coordinates": [
                    1.71635540000,
                    41.21911030000
                ]
            }
        },
        {
            "type": "Feature",
            "properties": {
                "admin_level": "10",
                "boundary": "administrative"
            },
            "geometry": {
                "type": "LineString",
                "coordinates": [
                    [
                        1.70886750000,
                        41.21586190000
                    ],
                    [
                        1.71285870000,
                        41.21798440000
                    ],
                    [
                        1.71620610000,
                        41.21896090000
                    ]
                ]
            }
        },
        {
            "type": "Feature",
            "properties": {
                "area:highway": "traffic_island",
                "kerb": "yes"
            },
            "geometry": {
                "type": "LineString",
                "coordinates": [
                    [
                        1.71632480000,
                        41.21893120000
                    ],
                    [
                        1.71643340000,
                        41.21896140000
                    ],
                    [
                        1.71643730000,
                        41.21893410000
                    ],
                    [
                        1.71640880000,
                        41.21890880000
                    ],
                    [
                        1.71637390000,
                        41.21890300000
                    ],
                    [
                        1.71634030000,
                        41.21891470000
                    ],
                    [
                        1.71632480000,
                        41.21893120000
                    ]
                ]
            }
        },
        {
            "type": "Feature",
            "properties": {
                "direction": "backward",
                "highway": "give_way",
                "traffic_sign": "ES:R1"
            },
            "geometry": {
                "type": "Point",
                "coordinates": [
                    1.71589060000,
                    41.21891780000
                ]
            }
        },
        {
            "type": "Feature",
            "properties": {
                "footway": "sidewalk",
                "highway": "footway",
                "name": "Carrer de Menéndez Pelayo",
                "name:ca": "Carrer de Menéndez Pelayo",
                "name:etymology:wikidata": "Q716799"
            },
            "geometry": {
                "type": "LineString",
                "coordinates": [
                    [
                        1.71610030000,
                        41.21938420000
                    ],
                    [
                        1.71606620000,
                        41.21937150000
                    ],
                    [
                        1.71610270000,
                        41.21930640000
                    ],
                    [
                        1.71616270000,
                        41.21919680000
                    ],
                    [
                        1.71622580000,
                        41.21909960000
                    ]
                ]
            }
        },
        {
            "type": "Feature",
            "properties": null,
            "geometry": {
                "type": "LineString",
                "coordinates": [
                    [
                        1.71597770000,
                        41.21879940000
                    ],
                    [
                        1.71601120000,
                        41.21877530000
                    ],
                    [
                        1.71604490000,
                        41.21876120000
                    ],
                    [
                        1.71608430000,
                        41.21874850000
                    ],
                    [
                        1.71612370000,
                        41.21873730000
                    ],
                    [
                        1.71616300000,
                        41.21872740000
                    ],
                    [
                        1.71621180000,
                        41.21871330000
                    ],
                    [
                        1.71692800000,
                        41.21854400000
                    ],
                    [
                        1.71833420000,
                        41.21822530000
                    ],
                    [
                        1.71897730000,
                        41.21805460000
                    ],
                    [
                        1.71969730000,
                        41.21789950000
                    ],
                    [
                        1.72061230000,
                        41.21768940000
                    ],
                    [
                        1.72125730000,
                        41.21754830000
                    ],
                    [
                        1.72198480000,
                        41.21740450000
                    ],
                    [
                        1.72205480000,
                        41.21737830000
                    ]
                ]
            }
        },
        {
            "type": "Feature",
            "properties": {
                "direction": "forward",
                "lanes": "1",
                "oneway": "yes",
                "side": "right",
                "traffic_sign": "ES:S11"
            },
            "geometry": {
                "type": "Point",
                "coordinates": [
                    1.71669850000,
                    41.21900030000
                ]
            }
        },
        {
            "type": "Feature",
            "properties": {
                "direction": "backward",
                "side": "both",
                "traffic_sign": "ES:R101"
            },
            "geometry": {
                "type": "Point",
                "coordinates": [
                    1.71627790000,
                    41.21906480000
                ]
            }
        },
        {
            "type": "Feature",
            "properties": {
                "bicycle": "yes",
                "footway": "sidewalk",
                "highway": "footway",
                "incline": "no",
                "kerb": "no",
                "lanes": "1",
                "name": "Avinguda de Cubelles",
                "name:ca": "Avinguda de Cubelles",
                "smoothness": "excellent",
                "surface": "compacted",
                "width": "5"
            },
            "geometry": {
                "type": "LineString",
                "coordinates": [
                    [
                        1.71612630000,
                        41.21897930000
                    ],
                    [
                        1.71610150000,
                        41.21896690000
                    ]
                ]
            }
        },
        {
            "type": "Feature",
            "properties": {
                "highway": "traffic_signals",
                "traffic_signals": "pedestrian_crossing",
                "traffic_signals:direction": "forward"
            },
            "geometry": {
                "type": "Point",
                "coordinates": [
                    1.71620610000,
                    41.21908950000
                ]
            }
        },
        {
            "type": "Feature",
            "properties": {
                "crossing": "traffic_signals",
                "footway": "crossing",
                "highway": "footway",
                "name": "Avinguda de Cubelles",
                "name:ca": "Avinguda de Cubelles"
            },
            "geometry": {
                "type": "LineString",
                "coordinates": [
                    [
                        1.71635300000,
                        41.21912450000
                    ],
                    [
                        1.71635350000,
                        41.21911490000
                    ],
                    [
                        1.71635540000,
                        41.21911030000
                    ],
                    [
                        1.71636320000,
                        41.21909180000
                    ],
                    [
                        1.71636680000,
                        41.21908140000
                    ],
                    [
                        1.71636860000,
                        41.21907600000
                    ],
                    [
                        1.71637170000,
                        41.21906630000
                    ]
                ]
            }
        },
        {
            "type": "Feature",
            "properties": {
                "admin_level": "10",
                "boundary": "administrative"
            },
            "geometry": {
                "type": "LineString",
                "coordinates": [
                    [
                        1.71620610000,
                        41.21896090000
                    ],
                    [
                        1.71423200000,
                        41.22235030000
                    ],
                    [
                        1.71301960000,
                        41.22397230000
                    ],
                    [
                        1.71122790000,
                        41.22324600000
                    ],
                    [
                        1.71115280000,
                        41.22348000000
                    ],
                    [
                        1.71102400000,
                        41.22375440000
                    ],
                    [
                        1.71086310000,
                        41.22394810000
                    ],
                    [
                        1.71045540000,
                        41.22431120000
                    ]
                ]
            }
        },
        {
            "type": "Feature",
            "properties": {
                "amenity": "parking",
                "capacity": "12",
                "orientation": "perpendicular",
                "parking": "lane",
                "parking:condition": "free"
            },
            "geometry": {
                "type": "Polygon",
                "coordinates": [
                    [
                        [
                            1.71671630000,
                            41.21895770000
                        ],
                        [
                            1.71673670000,
                            41.21892180000
                        ],
                        [
                            1.71704690000,
                            41.21901580000
                        ],
                        [
                            1.71702720000,
                            41.21905120000
                        ],
                        [
                            1.71671630000,
                            41.21895770000
                        ]
                    ]
                ]
            }
        },
        {
            "type": "Feature",
            "properties": {
                "highway": "traffic_signals",
                "traffic_signals": "pedestrian_crossing",
                "traffic_signals:direction": "forward"
            },
            "geometry": {
                "type": "Point",
                "coordinates": [
                    1.71636860000,
                    41.21907600000
                ]
            }
        },
        {
            "type": "Feature",
            "properties": {
                "destination": "C.Platja Vilanova,C. el Racó de Mar,Vilanova Empresa,Consorci de Turisme,Mancomunitat Penedès-Garraf",
                "destination:symbol": "Camping,Camping,,,,",
                "direction": "forward",
                "side": "right",
                "traffic_sign": "ES:CAT:S700",
                "turn:destination": "through,through,through,through,through"
            },
            "geometry": {
                "type": "Point",
                "coordinates": [
                    1.71613930000,
                    41.21892920000
                ]
            }
        },
        {
            "type": "Feature",
            "properties": {
                "amenity": "parking",
                "orientation": "parallel",
                "parking": "lane",
                "parking:condition": "free"
            },
            "geometry": {
                "type": "Polygon",
                "coordinates": [
                    [
                        [
                            1.71643060000,
                            41.21912670000
                        ],
                        [
                            1.71642380000,
                            41.21913920000
                        ],
                        [
                            1.71651010000,
                            41.21916500000
                        ],
                        [
                            1.71651810000,
                            41.21915080000
                        ],
                        [
                            1.71643060000,
                            41.21912670000
                        ]
                    ]
                ]
            }
        },
        {
            "type": "Feature",
            "properties": {
                "footway": "sidewalk",
                "highway": "footway",
                "name": "Carrer de Menéndez Pelayo",
                "name:ca": "Carrer de Menéndez Pelayo",
                "name:etymology:wikidata": "Q716799"
            },
            "geometry": {
                "type": "LineString",
                "coordinates": [
                    [
                        1.71568250000,
                        41.21971240000
                    ],
                    [
                        1.71590600000,
                        41.21937580000
                    ],
                    [
                        1.71597680000,
                        41.21925100000
                    ],
                    [
                        1.71607640000,
                        41.21905740000
                    ],
                    [
                        1.71608500000,
                        41.21904710000
                    ],
                    [
                        1.71612770000,
                        41.21899540000
                    ],
                    [
                        1.71612630000,
                        41.21897930000
                    ]
                ]
            }
        },
        {
            "type": "Feature",
            "properties": {
                "direction": "forward",
                "highway": "give_way",
                "side": "left",
                "traffic_sign": "ES:R1"
            },
            "geometry": {
                "type": "Point",
                "coordinates": [
                    1.71771020000,
                    41.21948450000
                ]
            }
        },
        {
            "type": "Feature",
            "properties": {
                "crossing": "traffic_signals",
                "footway": "crossing",
                "highway": "footway",
                "name": "Carrer de Menéndez Pelayo",
                "name:ca": "Carrer de Menéndez Pelayo",
                "name:etymology:wikidata": "Q716799"
            },
            "geometry": {
                "type": "LineString",
                "coordinates": [
                    [
                        1.71608500000,
                        41.21904710000
                    ],
                    [
                        1.71610480000,
                        41.21905870000
                    ],
                    [
                        1.71611430000,
                        41.21906130000
                    ],
                    [
                        1.71616110000,
                        41.21907440000
                    ],
                    [
                        1.71619790000,
                        41.21908680000
                    ],
                    [
                        1.71620610000,
                        41.21908950000
                    ],
                    [
                        1.71622580000,
                        41.21909960000
                    ]
                ]
            }
        },
        {
            "type": "Feature",
            "properties": {
                "highway": "traffic_signals",
                "traffic_signals": "pedestrian_crossing",
                "traffic_signals:direction": "backward"
            },
            "geometry": {
                "type": "Point",
                "coordinates": [
                    1.71610480000,
                    41.21905870000
                ]
            }
        },
        {
            "type": "Feature",
            "properties": {
                "highway": "traffic_signals",
                "traffic_signals:direction": "forward"
            },
            "geometry": {
                "type": "Point",
                "coordinates": [
                    1.71665020000,
                    41.21907900000
                ]
            }
        },
        {
            "type": "Feature",
            "properties": {
                "direction": "forward",
                "restriction": "no_left_turn",
                "side": "left",
                "traffic_sign": "ES:R303"
            },
            "geometry": {
                "type": "Point",
                "coordinates": [
                    1.71772740000,
                    41.21948950000
                ]
            }
        },
        {
            "type": "Feature",
            "properties": {
                "addr:housenumber": "1",
                "addr:postcode": "08800",
                "addr:street": "Carrer del Montseny",
                "entrance": "yes",
                "source": "Opendata Ajuntament de Vilanova i la Geltrú",
                "source:date": "2015-03-15"
            },
            "geometry": {
                "type": "Point",
                "coordinates": [
                    1.71705140000,
                    41.21891340000
                ]
            }
        },
        {
            "type": "Feature",
            "properties": {
                "highway": "residential",
                "lanes": "1",
                "lit": "yes",
                "maxspeed": "30",
                "name": "Carrer de Menéndez Pelayo",
                "name:ca": "Carrer de Menéndez Pelayo",
                "name:etymology:wikidata": "Q716799",
                "oneway": "no",
                "parking:condition:both": "free",
                "parking:lane:both": "parallel",
                "sidewalk": "both",
                "width": "10"
            },
            "geometry": {
                "type": "LineString",
                "coordinates": [
                    [
                        1.71622840000,
                        41.21895600000
                    ],
                    [
                        1.71618510000,
                        41.21903820000
                    ],
                    [
                        1.71616110000,
                        41.21907440000
                    ],
                    [
                        1.71614460000,
                        41.21909650000
                    ],
                    [
                        1.71614170000,
                        41.21910110000
                    ],
                    [
                        1.71610450000,
                        41.21917880000
                    ],
                    [
                        1.71597310000,
                        41.21938350000
                    ],
                    [
                        1.71564820000,
                        41.21995030000
                    ],
                    [
                        1.71562440000,
                        41.21999120000
                    ],
                    [
                        1.71558100000,
                        41.22006160000
                    ],
                    [
                        1.71526380000,
                        41.22058100000
                    ],
                    [
                        1.71524500000,
                        41.22061010000
                    ],
                    [
                        1.71522300000,
                        41.22065760000
                    ],
                    [
                        1.71520910000,
                        41.22068770000
                    ]
                ]
            }
        },
        {
            "type": "Feature",
            "properties": {
                "highway": "traffic_signals"
            },
            "geometry": {
                "type": "Point",
                "coordinates": [
                    1.71614170000,
                    41.21910110000
                ]
            }
        },
        {
            "type": "Feature",
            "properties": {
                "bicycle:backward": "designated",
                "bicycle:forward": "designated",
                "highway": "proposed",
                "lanes": "2",
                "lanes:backward": "1",
                "lanes:forward": "1",
                "oneway": "no",
                "proposed": "cycleway",
                "width": "3"
            },
            "geometry": {
                "type": "LineString",
                "coordinates": [
                    [
                        1.71661110000,
                        41.21876220000
                    ],
                    [
                        1.71655610000,
                        41.21881860000
                    ],
                    [
                        1.71653460000,
                        41.21892360000
                    ],
                    [
                        1.71655170000,
                        41.21895400000
                    ],
                    [
                        1.71658140000,
                        41.21902500000
                    ],
                    [
                        1.71722400000,
                        41.21921910000
                    ],
                    [
                        1.71820970000,
                        41.21950970000
                    ],
                    [
                        1.71855840000,
                        41.21960750000
                    ],
                    [
                        1.71879710000,
                        41.21967510000
                    ],
                    [
                        1.71927990000,
                        41.21973860000
                    ],
                    [
                        1.71954120000,
                        41.21975370000
                    ],
                    [
                        1.71980960000,
                        41.21973160000
                    ],
                    [
                        1.72029910000,
                        41.21965590000
                    ],
                    [
                        1.72082740000,
                        41.21957260000
                    ],
                    [
                        1.72092760000,
                        41.21955340000
                    ],
                    [
                        1.72104880000,
                        41.21953180000
                    ],
                    [
                        1.72118290000,
                        41.21945920000
                    ],
                    [
                        1.72126870000,
                        41.21938250000
                    ],
                    [
                        1.72136660000,
                        41.21934820000
                    ],
                    [
                        1.72143500000,
                        41.21934420000
                    ],
                    [
                        1.72146440000,
                        41.21935310000
                    ],
                    [
                        1.72156550000,
                        41.21941340000
                    ],
                    [
                        1.72157810000,
                        41.21943770000
                    ],
                    [
                        1.72166970000,
                        41.21949150000
                    ],
                    [
                        1.72181050000,
                        41.21955910000
                    ],
                    [
                        1.72197060000,
                        41.21960090000
                    ],
                    [
                        1.72227790000,
                        41.21968940000
                    ],
                    [
                        1.72242430000,
                        41.21973970000
                    ],
                    [
                        1.72245830000,
                        41.21973860000
                    ],
                    [
                        1.72248750000,
                        41.21968620000
                    ]
                ]
            }
        }
    ]
}