{
    "type": "FeatureCollection",
    "generator": "JOSM",
    "bbox": [
        1.71513620000,
        41.21976910000,
        1.71625390000,
        41.22029750000
    ],
    "features": [
        {
            "type": "Feature",
            "properties": {
                "building": "residential",
                "building:levels": "6",
                "building:levels:underground": "1",
                "type": "multipolygon"
            },
            "geometry": {
                "type": "MultiPolygon",
                "coordinates": [
                    [
                        [
                            [
                                1.71576360000,
                                41.22019410000
                            ],
                            [
                                1.71577870000,
                                41.22016910000
                            ],
                            [
                                1.71580600000,
                                41.22012300000
                            ],
                            [
                                1.71566800000,
                                41.22007280000
                            ],
                            [
                                1.71559070000,
                                41.22020040000
                            ],
                            [
                                1.71559540000,
                                41.22020230000
                            ],
                            [
                                1.71567790000,
                                41.22023260000
                            ],
                            [
                                1.71573070000,
                                41.22024880000
                            ],
                            [
                                1.71576360000,
                                41.22019410000
                            ]
                        ],
                        [
                            [
                                1.71569020000,
                                41.22015980000
                            ],
                            [
                                1.71571090000,
                                41.22016690000
                            ],
                            [
                                1.71569800000,
                                41.22018630000
                            ],
                            [
                                1.71567820000,
                                41.22017840000
                            ],
                            [
                                1.71569020000,
                                41.22015980000
                            ]
                        ]
                    ]
                ]
            }
        },
        {
            "type": "Feature",
            "properties": {
                "building:levels": "5",
                "building:levels:underground": "1",
                "building:part": "yes",
                "type": "multipolygon"
            },
            "geometry": {
                "type": "MultiPolygon",
                "coordinates": [
                    [
                        [
                            [
                                1.71608110000,
                                41.22022320000
                            ],
                            [
                                1.71594250000,
                                41.22017270000
                            ],
                            [
                                1.71591470000,
                                41.22021860000
                            ],
                            [
                                1.71593080000,
                                41.22022410000
                            ],
                            [
                                1.71591540000,
                                41.22024930000
                            ],
                            [
                                1.71590150000,
                                41.22024440000
                            ],
                            [
                                1.71586820000,
                                41.22029680000
                            ],
                            [
                                1.71595640000,
                                41.22032850000
                            ],
                            [
                                1.71600800000,
                                41.22034460000
                            ],
                            [
                                1.71608110000,
                                41.22022320000
                            ]
                        ],
                        [
                            [
                                1.71598570000,
                                41.22026530000
                            ],
                            [
                                1.71597370000,
                                41.22028550000
                            ],
                            [
                                1.71595070000,
                                41.22027770000
                            ],
                            [
                                1.71596290000,
                                41.22025730000
                            ],
                            [
                                1.71595250000,
                                41.22025370000
                            ],
                            [
                                1.71597140000,
                                41.22022230000
                            ],
                            [
                                1.71602250000,
                                41.22023970000
                            ],
                            [
                                1.71600350000,
                                41.22027130000
                            ],
                            [
                                1.71598570000,
                                41.22026530000
                            ]
                        ]
                    ]
                ]
            }
        },
        {
            "type": "Feature",
            "properties": {
                "building:levels": "5",
                "building:levels:underground": "1",
                "building:part": "yes",
                "type": "multipolygon"
            },
            "geometry": {
                "type": "MultiPolygon",
                "coordinates": [
                    [
                        [
                            [
                                1.71580600000,
                                41.22012300000
                            ],
                            [
                                1.71566800000,
                                41.22007280000
                            ],
                            [
                                1.71559070000,
                                41.22020040000
                            ],
                            [
                                1.71559540000,
                                41.22020230000
                            ],
                            [
                                1.71567790000,
                                41.22023260000
                            ],
                            [
                                1.71573070000,
                                41.22024880000
                            ],
                            [
                                1.71576360000,
                                41.22019410000
                            ],
                            [
                                1.71575070000,
                                41.22018960000
                            ],
                            [
                                1.71576590000,
                                41.22016500000
                            ],
                            [
                                1.71577870000,
                                41.22016910000
                            ],
                            [
                                1.71580600000,
                                41.22012300000
                            ]
                        ],
                        [
                            [
                                1.71569020000,
                                41.22015980000
                            ],
                            [
                                1.71567580000,
                                41.22015450000
                            ],
                            [
                                1.71569770000,
                                41.22012050000
                            ],
                            [
                                1.71574210000,
                                41.22013700000
                            ],
                            [
                                1.71572000000,
                                41.22017040000
                            ],
                            [
                                1.71571090000,
                                41.22016690000
                            ],
                            [
                                1.71569800000,
                                41.22018630000
                            ],
                            [
                                1.71567820000,
                                41.22017840000
                            ],
                            [
                                1.71569020000,
                                41.22015980000
                            ]
                        ]
                    ]
                ]
            }
        },
        {
            "type": "Feature",
            "properties": {
                "building": "residential",
                "building:levels": "6",
                "building:levels:underground": "1",
                "type": "multipolygon"
            },
            "geometry": {
                "type": "MultiPolygon",
                "coordinates": [
                    [
                        [
                            [
                                1.71590150000,
                                41.22024440000
                            ],
                            [
                                1.71591470000,
                                41.22021860000
                            ],
                            [
                                1.71594250000,
                                41.22017270000
                            ],
                            [
                                1.71580600000,
                                41.22012300000
                            ],
                            [
                                1.71577870000,
                                41.22016910000
                            ],
                            [
                                1.71576360000,
                                41.22019410000
                            ],
                            [
                                1.71573070000,
                                41.22024880000
                            ],
                            [
                                1.71581650000,
                                41.22027820000
                            ],
                            [
                                1.71586820000,
                                41.22029680000
                            ],
                            [
                                1.71590150000,
                                41.22024440000
                            ]
                        ],
                        [
                            [
                                1.71582630000,
                                41.22020870000
                            ],
                            [
                                1.71584910000,
                                41.22021680000
                            ],
                            [
                                1.71583750000,
                                41.22023520000
                            ],
                            [
                                1.71581470000,
                                41.22022730000
                            ],
                            [
                                1.71582630000,
                                41.22020870000
                            ]
                        ]
                    ]
                ]
            }
        },
        {
            "type": "Feature",
            "properties": {
                "building": "residential",
                "building:levels": "6",
                "building:levels:underground": "1",
                "type": "multipolygon"
            },
            "geometry": {
                "type": "MultiPolygon",
                "coordinates": [
                    [
                        [
                            [
                                1.71591470000,
                                41.22021860000
                            ],
                            [
                                1.71590150000,
                                41.22024440000
                            ],
                            [
                                1.71586820000,
                                41.22029680000
                            ],
                            [
                                1.71595640000,
                                41.22032850000
                            ],
                            [
                                1.71600800000,
                                41.22034460000
                            ],
                            [
                                1.71608110000,
                                41.22022320000
                            ],
                            [
                                1.71594250000,
                                41.22017270000
                            ],
                            [
                                1.71591470000,
                                41.22021860000
                            ]
                        ],
                        [
                            [
                                1.71596290000,
                                41.22025730000
                            ],
                            [
                                1.71598570000,
                                41.22026530000
                            ],
                            [
                                1.71597370000,
                                41.22028550000
                            ],
                            [
                                1.71595070000,
                                41.22027770000
                            ],
                            [
                                1.71596290000,
                                41.22025730000
                            ]
                        ]
                    ]
                ]
            }
        },
        {
            "type": "Feature",
            "properties": {
                "building:levels": "5",
                "building:levels:underground": "1",
                "building:part": "yes",
                "type": "multipolygon"
            },
            "geometry": {
                "type": "MultiPolygon",
                "coordinates": [
                    [
                        [
                            [
                                1.71576360000,
                                41.22019410000
                            ],
                            [
                                1.71573070000,
                                41.22024880000
                            ],
                            [
                                1.71581650000,
                                41.22027820000
                            ],
                            [
                                1.71586820000,
                                41.22029680000
                            ],
                            [
                                1.71590150000,
                                41.22024440000
                            ],
                            [
                                1.71588690000,
                                41.22023930000
                            ],
                            [
                                1.71590340000,
                                41.22021450000
                            ],
                            [
                                1.71591470000,
                                41.22021860000
                            ],
                            [
                                1.71594250000,
                                41.22017270000
                            ],
                            [
                                1.71580600000,
                                41.22012300000
                            ],
                            [
                                1.71577870000,
                                41.22016910000
                            ],
                            [
                                1.71579240000,
                                41.22017390000
                            ],
                            [
                                1.71577770000,
                                41.22019900000
                            ],
                            [
                                1.71576360000,
                                41.22019410000
                            ]
                        ],
                        [
                            [
                                1.71582630000,
                                41.22020870000
                            ],
                            [
                                1.71581500000,
                                41.22020470000
                            ],
                            [
                                1.71583700000,
                                41.22017160000
                            ],
                            [
                                1.71587940000,
                                41.22018640000
                            ],
                            [
                                1.71585790000,
                                41.22021990000
                            ],
                            [
                                1.71584910000,
                                41.22021680000
                            ],
                            [
                                1.71583750000,
                                41.22023520000
                            ],
                            [
                                1.71581470000,
                                41.22022730000
                            ],
                            [
                                1.71582630000,
                                41.22020870000
                            ]
                        ]
                    ]
                ]
            }
        },
        {
            "type": "Feature",
            "properties": {
                "highway": "street_lamp",
                "lamp_mount": "straight_mast",
                "support": "pole"
            },
            "geometry": {
                "type": "Point",
                "coordinates": [
                    1.71545040000,
                    41.21998260000
                ]
            }
        },
        {
            "type": "Feature",
            "properties": {
                "highway": "crossing"
            },
            "geometry": {
                "type": "Point",
                "coordinates": [
                    1.71616110000,
                    41.21907440000
                ]
            }
        },
        {
            "type": "Feature",
            "properties": {
                "natural": "tree"
            },
            "geometry": {
                "type": "Point",
                "coordinates": [
                    1.71541100000,
                    41.21985740000
                ]
            }
        },
        {
            "type": "Feature",
            "properties": {
                "footway": "crossing",
                "highway": "footway",
                "name": "Carrer de Menéndez Pelayo",
                "name:ca": "Carrer de Menéndez Pelayo",
                "name:etymology:wikidata": "Q716799"
            },
            "geometry": {
                "type": "LineString",
                "coordinates": [
                    [
                        1.71557740000,
                        41.21992190000
                    ],
                    [
                        1.71558830000,
                        41.21992630000
                    ],
                    [
                        1.71564820000,
                        41.21995030000
                    ],
                    [
                        1.71570670000,
                        41.21997570000
                    ]
                ]
            }
        },
        {
            "type": "Feature",
            "properties": {
                "building:levels": "6",
                "building:levels:underground": "1",
                "building:part": "yes"
            },
            "geometry": {
                "type": "Polygon",
                "coordinates": [
                    [
                        [
                            1.71590150000,
                            41.22024440000
                        ],
                        [
                            1.71591470000,
                            41.22021860000
                        ],
                        [
                            1.71590340000,
                            41.22021450000
                        ],
                        [
                            1.71588690000,
                            41.22023930000
                        ],
                        [
                            1.71590150000,
                            41.22024440000
                        ]
                    ]
                ]
            }
        },
        {
            "type": "Feature",
            "properties": {
                "building:levels": "8",
                "building:part": "yes"
            },
            "geometry": {
                "type": "Polygon",
                "coordinates": [
                    [
                        [
                            1.71521680000,
                            41.21966370000
                        ],
                        [
                            1.71516980000,
                            41.21974320000
                        ],
                        [
                            1.71525190000,
                            41.21977140000
                        ],
                        [
                            1.71527040000,
                            41.21974050000
                        ],
                        [
                            1.71523810000,
                            41.21972950000
                        ],
                        [
                            1.71525420000,
                            41.21970250000
                        ],
                        [
                            1.71535340000,
                            41.21973640000
                        ],
                        [
                            1.71533680000,
                            41.21976420000
                        ],
                        [
                            1.71530330000,
                            41.21975270000
                        ],
                        [
                            1.71528520000,
                            41.21978280000
                        ],
                        [
                            1.71544970000,
                            41.21983920000
                        ],
                        [
                            1.71546770000,
                            41.21980820000
                        ],
                        [
                            1.71543350000,
                            41.21979690000
                        ],
                        [
                            1.71544980000,
                            41.21976890000
                        ],
                        [
                            1.71554790000,
                            41.21980260000
                        ],
                        [
                            1.71553140000,
                            41.21983020000
                        ],
                        [
                            1.71549910000,
                            41.21981920000
                        ],
                        [
                            1.71548120000,
                            41.21985000000
                        ],
                        [
                            1.71554180000,
                            41.21987070000
                        ],
                        [
                            1.71556140000,
                            41.21987750000
                        ],
                        [
                            1.71561030000,
                            41.21979860000
                        ],
                        [
                            1.71554570000,
                            41.21977640000
                        ],
                        [
                            1.71540110000,
                            41.21972690000
                        ],
                        [
                            1.71521680000,
                            41.21966370000
                        ]
                    ]
                ]
            }
        },
        {
            "type": "Feature",
            "properties": {
                "building:levels": "6",
                "building:part": "yes"
            },
            "geometry": {
                "type": "Polygon",
                "coordinates": [
                    [
                        [
                            1.71535690000,
                            41.22026610000
                        ],
                        [
                            1.71536310000,
                            41.22025550000
                        ],
                        [
                            1.71537140000,
                            41.22024140000
                        ],
                        [
                            1.71530410000,
                            41.22021740000
                        ],
                        [
                            1.71528860000,
                            41.22024200000
                        ],
                        [
                            1.71535690000,
                            41.22026610000
                        ]
                    ]
                ]
            }
        },
        {
            "type": "Feature",
            "properties": {
                "addr:housenumber": "4",
                "addr:postcode": "08800",
                "addr:street": "Plaça d'Armand Cardona i Torrandell",
                "entrance": "yes",
                "source": "Opendata Ajuntament de Vilanova i la Geltrú",
                "source:date": "2015-03-15"
            },
            "geometry": {
                "type": "Point",
                "coordinates": [
                    1.71639570000,
                    41.22001650000
                ]
            }
        },
        {
            "type": "Feature",
            "properties": {
                "addr:housenumber": "66",
                "addr:postcode": "08800",
                "addr:street": "Carrer de Menéndez Pelayo",
                "email": "yogaomvilanova@gmail.com",
                "leisure": "fitness_centre",
                "name": "Centre Yoga om Vilanova",
                "phone": "+34 615022765",
                "sport": "yoga",
                "website": "https://www.yogaomvilanova.com/"
            },
            "geometry": {
                "type": "Point",
                "coordinates": [
                    1.71546710000,
                    41.22004880000
                ]
            }
        },
        {
            "type": "Feature",
            "properties": null,
            "geometry": {
                "type": "LineString",
                "coordinates": [
                    [
                        1.71595370000,
                        41.21957780000
                    ],
                    [
                        1.71711270000,
                        41.21992160000
                    ],
                    [
                        1.71710700000,
                        41.21993170000
                    ],
                    [
                        1.71698270000,
                        41.22015520000
                    ],
                    [
                        1.71696210000,
                        41.22019210000
                    ],
                    [
                        1.71690560000,
                        41.22017470000
                    ],
                    [
                        1.71690740000,
                        41.22017130000
                    ],
                    [
                        1.71682790000,
                        41.22014770000
                    ],
                    [
                        1.71682630000,
                        41.22015090000
                    ],
                    [
                        1.71676360000,
                        41.22013210000
                    ],
                    [
                        1.71676550000,
                        41.22012830000
                    ],
                    [
                        1.71668600000,
                        41.22010400000
                    ],
                    [
                        1.71668370000,
                        41.22010810000
                    ],
                    [
                        1.71657450000,
                        41.22007630000
                    ],
                    [
                        1.71657630000,
                        41.22007260000
                    ],
                    [
                        1.71649750000,
                        41.22004900000
                    ],
                    [
                        1.71649500000,
                        41.22005380000
                    ],
                    [
                        1.71643070000,
                        41.22003450000
                    ],
                    [
                        1.71643410000,
                        41.22002750000
                    ],
                    [
                        1.71635290000,
                        41.22000410000
                    ],
                    [
                        1.71634970000,
                        41.22001070000
                    ],
                    [
                        1.71624440000,
                        41.21997950000
                    ],
                    [
                        1.71624700000,
                        41.21997440000
                    ],
                    [
                        1.71616580000,
                        41.21995100000
                    ],
                    [
                        1.71616430000,
                        41.21995410000
                    ],
                    [
                        1.71610150000,
                        41.21993580000
                    ],
                    [
                        1.71610380000,
                        41.21993110000
                    ],
                    [
                        1.71602440000,
                        41.21990690000
                    ],
                    [
                        1.71602190000,
                        41.21991180000
                    ],
                    [
                        1.71593780000,
                        41.21988700000
                    ],
                    [
                        1.71593990000,
                        41.21988260000
                    ],
                    [
                        1.71585760000,
                        41.21985880000
                    ],
                    [
                        1.71585580000,
                        41.21986230000
                    ],
                    [
                        1.71579720000,
                        41.21984520000
                    ],
                    [
                        1.71582520000,
                        41.21979730000
                    ],
                    [
                        1.71594530000,
                        41.21959210000
                    ],
                    [
                        1.71595370000,
                        41.21957780000
                    ]
                ]
            }
        },
        {
            "type": "Feature",
            "properties": {
                "addr:housenumber": "4",
                "addr:postcode": "08800",
                "addr:street": "Carrer d'Olèrdola",
                "entrance": "yes",
                "source": "Opendata Ajuntament de Vilanova i la Geltrú",
                "source:date": "2015-03-15"
            },
            "geometry": {
                "type": "Point",
                "coordinates": [
                    1.71515160000,
                    41.21989680000
                ]
            }
        },
        {
            "type": "Feature",
            "properties": {
                "addr:housenumber": "7",
                "addr:postcode": "08800",
                "addr:street": "Plaça d'Armand Cardona i Torrandell",
                "entrance": "yes",
                "source": "Opendata Ajuntament de Vilanova i la Geltrú",
                "source:date": "2015-03-15"
            },
            "geometry": {
                "type": "Point",
                "coordinates": [
                    1.71686380000,
                    41.22015840000
                ]
            }
        },
        {
            "type": "Feature",
            "properties": {
                "amenity": "parking",
                "orientation": "parallel",
                "parking": "lane",
                "parking:condition": "free"
            },
            "geometry": {
                "type": "Polygon",
                "coordinates": [
                    [
                        [
                            1.71611040000,
                            41.22022140000
                        ],
                        [
                            1.71611670000,
                            41.22021240000
                        ],
                        [
                            1.71568950000,
                            41.22005620000
                        ],
                        [
                            1.71568270000,
                            41.22006960000
                        ],
                        [
                            1.71611040000,
                            41.22022140000
                        ]
                    ]
                ]
            }
        },
        {
            "type": "Feature",
            "properties": {
                "building:levels": "5",
                "building:part": "yes"
            },
            "geometry": {
                "type": "Polygon",
                "coordinates": [
                    [
                        [
                            1.71540150000,
                            41.21998200000
                        ],
                        [
                            1.71530940000,
                            41.22013980000
                        ],
                        [
                            1.71538480000,
                            41.22016630000
                        ],
                        [
                            1.71540970000,
                            41.22017560000
                        ],
                        [
                            1.71544860000,
                            41.22010900000
                        ],
                        [
                            1.71538390000,
                            41.22008630000
                        ],
                        [
                            1.71539920000,
                            41.22006160000
                        ],
                        [
                            1.71546340000,
                            41.22008370000
                        ],
                        [
                            1.71548430000,
                            41.22004790000
                        ],
                        [
                            1.71550310000,
                            41.22001580000
                        ],
                        [
                            1.71540150000,
                            41.21998200000
                        ]
                    ]
                ]
            }
        },
        {
            "type": "Feature",
            "properties": {
                "building:levels": "6",
                "building:levels:underground": "1",
                "building:part": "yes"
            },
            "geometry": {
                "type": "Polygon",
                "coordinates": [
                    [
                        [
                            1.71591470000,
                            41.22021860000
                        ],
                        [
                            1.71590150000,
                            41.22024440000
                        ],
                        [
                            1.71591540000,
                            41.22024930000
                        ],
                        [
                            1.71593080000,
                            41.22022410000
                        ],
                        [
                            1.71591470000,
                            41.22021860000
                        ]
                    ]
                ]
            }
        },
        {
            "type": "Feature",
            "properties": {
                "highway": "crossing"
            },
            "geometry": {
                "type": "Point",
                "coordinates": [
                    1.71567680000,
                    41.22003550000
                ]
            }
        },
        {
            "type": "Feature",
            "properties": {
                "leisure": "playground"
            },
            "geometry": {
                "type": "Polygon",
                "coordinates": [
                    [
                        [
                            1.71617540000,
                            41.21982530000
                        ],
                        [
                            1.71624550000,
                            41.21970750000
                        ],
                        [
                            1.71649020000,
                            41.21978490000
                        ],
                        [
                            1.71642660000,
                            41.21989900000
                        ],
                        [
                            1.71617540000,
                            41.21982530000
                        ]
                    ]
                ]
            }
        },
        {
            "type": "Feature",
            "properties": {
                "direction": "backward",
                "highway": "stop",
                "side": "right",
                "traffic_sign": "ES:R2"
            },
            "geometry": {
                "type": "Point",
                "coordinates": [
                    1.71614460000,
                    41.21909650000
                ]
            }
        },
        {
            "type": "Feature",
            "properties": {
                "highway": "residential",
                "lanes": "1",
                "lit": "yes",
                "maxspeed": "30",
                "name": "Carrer d'Olèrdola",
                "name:ca": "Carrer d'Olèrdola",
                "oneway": "yes",
                "parking:condition:both": "free",
                "parking:lane:both": "parallel",
                "sidewalk": "both",
                "surface": "paved",
                "width": "6"
            },
            "geometry": {
                "type": "LineString",
                "coordinates": [
                    [
                        1.71562440000,
                        41.21999120000
                    ],
                    [
                        1.71555230000,
                        41.21996700000
                    ],
                    [
                        1.71553130000,
                        41.21995990000
                    ],
                    [
                        1.71550500000,
                        41.21995100000
                    ],
                    [
                        1.71506340000,
                        41.21980220000
                    ],
                    [
                        1.71505120000,
                        41.21979810000
                    ]
                ]
            }
        },
        {
            "type": "Feature",
            "properties": {
                "highway": "crossing"
            },
            "geometry": {
                "type": "Point",
                "coordinates": [
                    1.71564820000,
                    41.21995030000
                ]
            }
        },
        {
            "type": "Feature",
            "properties": {
                "footway": "sidewalk",
                "highway": "footway",
                "name": "Carrer de Castellet",
                "name:ca": "Carrer de Castellet"
            },
            "geometry": {
                "type": "LineString",
                "coordinates": [
                    [
                        1.71686980000,
                        41.22037760000
                    ],
                    [
                        1.71683460000,
                        41.22039130000
                    ],
                    [
                        1.71655460000,
                        41.22029710000
                    ],
                    [
                        1.71577040000,
                        41.22002800000
                    ],
                    [
                        1.71570270000,
                        41.21999840000
                    ]
                ]
            }
        },
        {
            "type": "Feature",
            "properties": {
                "building:levels": "6",
                "building:levels:underground": "1",
                "building:part": "yes"
            },
            "geometry": {
                "type": "Polygon",
                "coordinates": [
                    [
                        [
                            1.71596290000,
                            41.22025730000
                        ],
                        [
                            1.71598570000,
                            41.22026530000
                        ],
                        [
                            1.71600350000,
                            41.22027130000
                        ],
                        [
                            1.71602250000,
                            41.22023970000
                        ],
                        [
                            1.71597140000,
                            41.22022230000
                        ],
                        [
                            1.71595250000,
                            41.22025370000
                        ],
                        [
                            1.71596290000,
                            41.22025730000
                        ]
                    ]
                ]
            }
        },
        {
            "type": "Feature",
            "properties": {
                "access": "private",
                "highway": "footway"
            },
            "geometry": {
                "type": "LineString",
                "coordinates": [
                    [
                        1.71608850000,
                        41.22022040000
                    ],
                    [
                        1.71609050000,
                        41.22022670000
                    ],
                    [
                        1.71601200000,
                        41.22036190000
                    ]
                ]
            }
        },
        {
            "type": "Feature",
            "properties": {
                "highway": "street_lamp"
            },
            "geometry": {
                "type": "Point",
                "coordinates": [
                    1.71536400000,
                    41.21985860000
                ]
            }
        },
        {
            "type": "Feature",
            "properties": {
                "barrier": "kerb"
            },
            "geometry": {
                "type": "LineString",
                "coordinates": [
                    [
                        1.71558830000,
                        41.21992630000
                    ],
                    [
                        1.71558110000,
                        41.21993940000
                    ],
                    [
                        1.71557610000,
                        41.21994140000
                    ],
                    [
                        1.71556670000,
                        41.21993840000
                    ],
                    [
                        1.71554960000,
                        41.21993180000
                    ],
                    [
                        1.71552120000,
                        41.21992180000
                    ],
                    [
                        1.71508690000,
                        41.21976890000
                    ]
                ]
            }
        },
        {
            "type": "Feature",
            "properties": {
                "building": "residential",
                "building:levels": "5",
                "building:levels:underground": "2"
            },
            "geometry": {
                "type": "Polygon",
                "coordinates": [
                    [
                        [
                            1.71579720000,
                            41.21984520000
                        ],
                        [
                            1.71577680000,
                            41.21988230000
                        ],
                        [
                            1.71573500000,
                            41.21995850000
                        ],
                        [
                            1.71690370000,
                            41.22030520000
                        ],
                        [
                            1.71693790000,
                            41.22023890000
                        ],
                        [
                            1.71696210000,
                            41.22019210000
                        ],
                        [
                            1.71690560000,
                            41.22017470000
                        ],
                        [
                            1.71690740000,
                            41.22017130000
                        ],
                        [
                            1.71686380000,
                            41.22015840000
                        ],
                        [
                            1.71682790000,
                            41.22014770000
                        ],
                        [
                            1.71682630000,
                            41.22015090000
                        ],
                        [
                            1.71676360000,
                            41.22013210000
                        ],
                        [
                            1.71676550000,
                            41.22012830000
                        ],
                        [
                            1.71672460000,
                            41.22011580000
                        ],
                        [
                            1.71668600000,
                            41.22010400000
                        ],
                        [
                            1.71668370000,
                            41.22010810000
                        ],
                        [
                            1.71657450000,
                            41.22007630000
                        ],
                        [
                            1.71657630000,
                            41.22007260000
                        ],
                        [
                            1.71653720000,
                            41.22006090000
                        ],
                        [
                            1.71649750000,
                            41.22004900000
                        ],
                        [
                            1.71649500000,
                            41.22005380000
                        ],
                        [
                            1.71643070000,
                            41.22003450000
                        ],
                        [
                            1.71643410000,
                            41.22002750000
                        ],
                        [
                            1.71639570000,
                            41.22001650000
                        ],
                        [
                            1.71635290000,
                            41.22000410000
                        ],
                        [
                            1.71634970000,
                            41.22001070000
                        ],
                        [
                            1.71624440000,
                            41.21997950000
                        ],
                        [
                            1.71624700000,
                            41.21997440000
                        ],
                        [
                            1.71620810000,
                            41.21996320000
                        ],
                        [
                            1.71616580000,
                            41.21995100000
                        ],
                        [
                            1.71616430000,
                            41.21995410000
                        ],
                        [
                            1.71610150000,
                            41.21993580000
                        ],
                        [
                            1.71610380000,
                            41.21993110000
                        ],
                        [
                            1.71607200000,
                            41.21992140000
                        ],
                        [
                            1.71602440000,
                            41.21990690000
                        ],
                        [
                            1.71602190000,
                            41.21991180000
                        ],
                        [
                            1.71593780000,
                            41.21988700000
                        ],
                        [
                            1.71593990000,
                            41.21988260000
                        ],
                        [
                            1.71589590000,
                            41.21986990000
                        ],
                        [
                            1.71585760000,
                            41.21985880000
                        ],
                        [
                            1.71585580000,
                            41.21986230000
                        ],
                        [
                            1.71579720000,
                            41.21984520000
                        ]
                    ]
                ]
            }
        },
        {
            "type": "Feature",
            "properties": {
                "area:barrier": "kerb"
            },
            "geometry": {
                "type": "LineString",
                "coordinates": [
                    [
                        1.71549710000,
                        41.21997930000
                    ],
                    [
                        1.71549330000,
                        41.21998580000
                    ],
                    [
                        1.71550990000,
                        41.21999100000
                    ],
                    [
                        1.71553080000,
                        41.21999740000
                    ],
                    [
                        1.71553570000,
                        41.21999240000
                    ],
                    [
                        1.71551430000,
                        41.21998420000
                    ],
                    [
                        1.71549710000,
                        41.21997930000
                    ]
                ]
            }
        },
        {
            "type": "Feature",
            "properties": {
                "amenity": "parking",
                "orientation": "parallel",
                "parking": "lane",
                "parking:condition": "free"
            },
            "geometry": {
                "type": "Polygon",
                "coordinates": [
                    [
                        [
                            1.71532980000,
                            41.22036980000
                        ],
                        [
                            1.71535730000,
                            41.22037880000
                        ],
                        [
                            1.71551230000,
                            41.22013240000
                        ],
                        [
                            1.71548370000,
                            41.22012420000
                        ],
                        [
                            1.71532980000,
                            41.22036980000
                        ]
                    ]
                ]
            }
        },
        {
            "type": "Feature",
            "properties": {
                "footway": "sidewalk",
                "highway": "footway",
                "name": "Carrer de Menéndez Pelayo",
                "name:ca": "Carrer de Menéndez Pelayo",
                "name:etymology:wikidata": "Q716799"
            },
            "geometry": {
                "type": "LineString",
                "coordinates": [
                    [
                        1.71531250000,
                        41.22063240000
                    ],
                    [
                        1.71532070000,
                        41.22061640000
                    ],
                    [
                        1.71542190000,
                        41.22045250000
                    ],
                    [
                        1.71556720000,
                        41.22020050000
                    ],
                    [
                        1.71563710000,
                        41.22007930000
                    ]
                ]
            }
        },
        {
            "type": "Feature",
            "properties": {
                "direction": "forward",
                "highway": "stop",
                "side": "right",
                "traffic_sign": "ES:R2"
            },
            "geometry": {
                "type": "Point",
                "coordinates": [
                    1.71572040000,
                    41.22005320000
                ]
            }
        },
        {
            "type": "Feature",
            "properties": {
                "footway": "sidewalk",
                "highway": "footway",
                "name": "Carrer de Castellet",
                "name:ca": "Carrer de Castellet"
            },
            "geometry": {
                "type": "LineString",
                "coordinates": [
                    [
                        1.71691600000,
                        41.22032290000
                    ],
                    [
                        1.71584500000,
                        41.22001060000
                    ],
                    [
                        1.71577040000,
                        41.22002800000
                    ]
                ]
            }
        },
        {
            "type": "Feature",
            "properties": {
                "natural": "tree"
            },
            "geometry": {
                "type": "Point",
                "coordinates": [
                    1.71548540000,
                    41.21988160000
                ]
            }
        },
        {
            "type": "Feature",
            "properties": {
                "addr:housenumber": "2",
                "addr:postcode": "08800",
                "addr:street": "Carrer d'Olèrdola",
                "entrance": "yes",
                "source": "Opendata Ajuntament de Vilanova i la Geltrú",
                "source:date": "2015-03-15"
            },
            "geometry": {
                "type": "Point",
                "coordinates": [
                    1.71536980000,
                    41.21997010000
                ]
            }
        },
        {
            "type": "Feature",
            "properties": {
                "building:levels": "6",
                "building:levels:underground": "1",
                "building:part": "yes"
            },
            "geometry": {
                "type": "Polygon",
                "coordinates": [
                    [
                        [
                            1.71576360000,
                            41.22019410000
                        ],
                        [
                            1.71577870000,
                            41.22016910000
                        ],
                        [
                            1.71576590000,
                            41.22016500000
                        ],
                        [
                            1.71575070000,
                            41.22018960000
                        ],
                        [
                            1.71576360000,
                            41.22019410000
                        ]
                    ]
                ]
            }
        },
        {
            "type": "Feature",
            "properties": {
                "addr:door": "1",
                "addr:floor": "0",
                "addr:housenumber": "1",
                "addr:postcode": "08800",
                "addr:street": "plaça d'Armand Cardona i Torrandell",
                "entrance": "yes"
            },
            "geometry": {
                "type": "Point",
                "coordinates": [
                    1.71589590000,
                    41.21986990000
                ]
            }
        },
        {
            "type": "Feature",
            "properties": {
                "footway": "sidewalk",
                "highway": "footway",
                "name": "Carrer de Menéndez Pelayo",
                "name:ca": "Carrer de Menéndez Pelayo",
                "name:etymology:wikidata": "Q716799"
            },
            "geometry": {
                "type": "LineString",
                "coordinates": [
                    [
                        1.71565720000,
                        41.22006420000
                    ],
                    [
                        1.71563710000,
                        41.22007930000
                    ]
                ]
            }
        },
        {
            "type": "Feature",
            "properties": {
                "building:levels": "1",
                "building:part": "yes"
            },
            "geometry": {
                "type": "Polygon",
                "coordinates": [
                    [
                        [
                            1.71540110000,
                            41.21972690000
                        ],
                        [
                            1.71554570000,
                            41.21977640000
                        ],
                        [
                            1.71556400000,
                            41.21974990000
                        ],
                        [
                            1.71546310000,
                            41.21971560000
                        ],
                        [
                            1.71547720000,
                            41.21968890000
                        ],
                        [
                            1.71544520000,
                            41.21967890000
                        ],
                        [
                            1.71543030000,
                            41.21970470000
                        ],
                        [
                            1.71541640000,
                            41.21969920000
                        ],
                        [
                            1.71540110000,
                            41.21972690000
                        ]
                    ]
                ]
            }
        },
        {
            "type": "Feature",
            "properties": {
                "addr:housenumber": "35",
                "addr:postcode": "08800",
                "addr:street": "Carrer de Menéndez Pelayo",
                "entrance": "yes",
                "source": "Opendata Ajuntament de Vilanova i la Geltrú",
                "source:date": "2015-03-15"
            },
            "geometry": {
                "type": "Point",
                "coordinates": [
                    1.71581650000,
                    41.22027820000
                ]
            }
        },
        {
            "type": "Feature",
            "properties": {
                "highway": "crossing"
            },
            "geometry": {
                "type": "Point",
                "coordinates": [
                    1.71680850000,
                    41.22044210000
                ]
            }
        },
        {
            "type": "Feature",
            "properties": {
                "crossing": "uncontrolled",
                "footway": "crossing",
                "highway": "footway",
                "kerb": "flush",
                "name": "Carrer d'Olèrdola",
                "name:ca": "Carrer d'Olèrdola"
            },
            "geometry": {
                "type": "LineString",
                "coordinates": [
                    [
                        1.71556050000,
                        41.21991520000
                    ],
                    [
                        1.71555310000,
                        41.21992640000
                    ],
                    [
                        1.71554960000,
                        41.21993180000
                    ],
                    [
                        1.71553130000,
                        41.21995990000
                    ],
                    [
                        1.71551430000,
                        41.21998420000
                    ],
                    [
                        1.71550990000,
                        41.21999100000
                    ],
                    [
                        1.71550200000,
                        41.22000330000
                    ]
                ]
            }
        },
        {
            "type": "Feature",
            "properties": {
                "barrier": "wall"
            },
            "geometry": {
                "type": "LineString",
                "coordinates": [
                    [
                        1.71532920000,
                        41.21995490000
                    ],
                    [
                        1.71536980000,
                        41.21997010000
                    ],
                    [
                        1.71540150000,
                        41.21998200000
                    ]
                ]
            }
        },
        {
            "type": "Feature",
            "properties": {
                "footway": "sidewalk",
                "highway": "footway",
                "name": "Carrer de Menéndez Pelayo",
                "name:ca": "Carrer de Menéndez Pelayo",
                "name:etymology:wikidata": "Q716799"
            },
            "geometry": {
                "type": "LineString",
                "coordinates": [
                    [
                        1.71570270000,
                        41.21999840000
                    ],
                    [
                        1.71570670000,
                        41.21997570000
                    ],
                    [
                        1.71571860000,
                        41.21994560000
                    ],
                    [
                        1.71580850000,
                        41.21979320000
                    ],
                    [
                        1.71592980000,
                        41.21958760000
                    ],
                    [
                        1.71596650000,
                        41.21952530000
                    ],
                    [
                        1.71598230000,
                        41.21948980000
                    ],
                    [
                        1.71601440000,
                        41.21944210000
                    ],
                    [
                        1.71606220000,
                        41.21945820000
                    ]
                ]
            }
        },
        {
            "type": "Feature",
            "properties": {
                "addr:housenumber": "3",
                "addr:postcode": "08800",
                "addr:street": "Plaça d'Armand Cardona i Torrandell",
                "entrance": "yes",
                "source": "Opendata Ajuntament de Vilanova i la Geltrú",
                "source:date": "2015-03-15"
            },
            "geometry": {
                "type": "Point",
                "coordinates": [
                    1.71620810000,
                    41.21996320000
                ]
            }
        },
        {
            "type": "Feature",
            "properties": {
                "addr:housenumber": "5-7",
                "addr:postcode": "08800",
                "addr:street": "Carrer d'Olèrdola",
                "entrance": "yes",
                "source": "Opendata Ajuntament de Vilanova i la Geltrú",
                "source:date": "2015-03-15"
            },
            "geometry": {
                "type": "Point",
                "coordinates": [
                    1.71525190000,
                    41.21977140000
                ]
            }
        },
        {
            "type": "Feature",
            "properties": {
                "area:highway": "residential"
            },
            "geometry": {
                "type": "LineString",
                "coordinates": [
                    [
                        1.71548790000,
                        41.21997670000
                    ],
                    [
                        1.71550500000,
                        41.21995100000
                    ],
                    [
                        1.71552120000,
                        41.21992180000
                    ],
                    [
                        1.71508690000,
                        41.21976890000
                    ],
                    [
                        1.71507450000,
                        41.21978680000
                    ],
                    [
                        1.71506340000,
                        41.21980220000
                    ],
                    [
                        1.71504330000,
                        41.21983170000
                    ],
                    [
                        1.71504670000,
                        41.21983320000
                    ],
                    [
                        1.71546610000,
                        41.21998600000
                    ],
                    [
                        1.71547890000,
                        41.21997520000
                    ],
                    [
                        1.71548790000,
                        41.21997670000
                    ]
                ]
            }
        },
        {
            "type": "Feature",
            "properties": {
                "amenity": "parking",
                "orientation": "parallel",
                "parking": "street_side",
                "parking:condition": "free"
            },
            "geometry": {
                "type": "Polygon",
                "coordinates": [
                    [
                        [
                            1.71547330000,
                            41.21996870000
                        ],
                        [
                            1.71546550000,
                            41.21998400000
                        ],
                        [
                            1.71504870000,
                            41.21983080000
                        ],
                        [
                            1.71505670000,
                            41.21981780000
                        ],
                        [
                            1.71547330000,
                            41.21996870000
                        ]
                    ]
                ]
            }
        },
        {
            "type": "Feature",
            "properties": {
                "crossing": "uncontrolled",
                "direction": "forward",
                "highway": "crossing",
                "kerb": "lowered"
            },
            "geometry": {
                "type": "Point",
                "coordinates": [
                    1.71553130000,
                    41.21995990000
                ]
            }
        },
        {
            "type": "Feature",
            "properties": {
                "highway": "residential",
                "lanes": "1",
                "lit": "yes",
                "maxspeed": "30",
                "name": "Carrer de Menéndez Pelayo",
                "name:ca": "Carrer de Menéndez Pelayo",
                "name:etymology:wikidata": "Q716799",
                "oneway": "no",
                "parking:condition:both": "free",
                "parking:lane:both": "parallel",
                "sidewalk": "both",
                "width": "10"
            },
            "geometry": {
                "type": "LineString",
                "coordinates": [
                    [
                        1.71622840000,
                        41.21895600000
                    ],
                    [
                        1.71618510000,
                        41.21903820000
                    ],
                    [
                        1.71616110000,
                        41.21907440000
                    ],
                    [
                        1.71614460000,
                        41.21909650000
                    ],
                    [
                        1.71614170000,
                        41.21910110000
                    ],
                    [
                        1.71610450000,
                        41.21917880000
                    ],
                    [
                        1.71597310000,
                        41.21938350000
                    ],
                    [
                        1.71564820000,
                        41.21995030000
                    ],
                    [
                        1.71562440000,
                        41.21999120000
                    ],
                    [
                        1.71558100000,
                        41.22006160000
                    ],
                    [
                        1.71526380000,
                        41.22058100000
                    ],
                    [
                        1.71524500000,
                        41.22061010000
                    ],
                    [
                        1.71522300000,
                        41.22065760000
                    ],
                    [
                        1.71520910000,
                        41.22068770000
                    ]
                ]
            }
        },
        {
            "type": "Feature",
            "properties": {
                "building:levels": "6",
                "building:levels:underground": "1",
                "building:part": "yes"
            },
            "geometry": {
                "type": "Polygon",
                "coordinates": [
                    [
                        [
                            1.71569020000,
                            41.22015980000
                        ],
                        [
                            1.71571090000,
                            41.22016690000
                        ],
                        [
                            1.71572000000,
                            41.22017040000
                        ],
                        [
                            1.71574210000,
                            41.22013700000
                        ],
                        [
                            1.71569770000,
                            41.22012050000
                        ],
                        [
                            1.71567580000,
                            41.22015450000
                        ],
                        [
                            1.71569020000,
                            41.22015980000
                        ]
                    ]
                ]
            }
        },
        {
            "type": "Feature",
            "properties": {
                "natural": "tree"
            },
            "geometry": {
                "type": "Point",
                "coordinates": [
                    1.71520860000,
                    41.21978470000
                ]
            }
        },
        {
            "type": "Feature",
            "properties": {
                "addr:housenumber": "5",
                "addr:postcode": "08800",
                "addr:street": "Plaça d'Armand Cardona i Torrandell",
                "entrance": "yes",
                "source": "Opendata Ajuntament de Vilanova i la Geltrú",
                "source:date": "2015-03-15"
            },
            "geometry": {
                "type": "Point",
                "coordinates": [
                    1.71653720000,
                    41.22006090000
                ]
            }
        },
        {
            "type": "Feature",
            "properties": {
                "footway": "sidewalk",
                "highway": "footway",
                "name": "Carrer de Castellet",
                "name:ca": "Carrer de Castellet"
            },
            "geometry": {
                "type": "LineString",
                "coordinates": [
                    [
                        1.71682330000,
                        41.22049210000
                    ],
                    [
                        1.71676150000,
                        41.22050810000
                    ],
                    [
                        1.71616100000,
                        41.22029500000
                    ],
                    [
                        1.71616660000,
                        41.22028510000
                    ],
                    [
                        1.71618290000,
                        41.22024960000
                    ],
                    [
                        1.71609610000,
                        41.22022180000
                    ],
                    [
                        1.71608850000,
                        41.22022040000
                    ],
                    [
                        1.71565720000,
                        41.22006420000
                    ]
                ]
            }
        },
        {
            "type": "Feature",
            "properties": {
                "access": "private",
                "building": "garage",
                "building:levels:underground": "1",
                "place": "square"
            },
            "geometry": {
                "type": "Polygon",
                "coordinates": [
                    [
                        [
                            1.71541060000,
                            41.22051150000
                        ],
                        [
                            1.71544050000,
                            41.22045900000
                        ],
                        [
                            1.71558580000,
                            41.22020700000
                        ],
                        [
                            1.71559070000,
                            41.22020040000
                        ],
                        [
                            1.71559540000,
                            41.22020230000
                        ],
                        [
                            1.71567790000,
                            41.22023260000
                        ],
                        [
                            1.71573070000,
                            41.22024880000
                        ],
                        [
                            1.71581650000,
                            41.22027820000
                        ],
                        [
                            1.71586820000,
                            41.22029680000
                        ],
                        [
                            1.71595640000,
                            41.22032850000
                        ],
                        [
                            1.71600800000,
                            41.22034460000
                        ],
                        [
                            1.71608110000,
                            41.22022320000
                        ],
                        [
                            1.71609050000,
                            41.22022670000
                        ],
                        [
                            1.71610310000,
                            41.22023270000
                        ],
                        [
                            1.71605750000,
                            41.22031020000
                        ],
                        [
                            1.71612280000,
                            41.22033200000
                        ],
                        [
                            1.71600440000,
                            41.22053770000
                        ],
                        [
                            1.71599800000,
                            41.22054950000
                        ],
                        [
                            1.71595070000,
                            41.22062650000
                        ],
                        [
                            1.71591740000,
                            41.22067960000
                        ],
                        [
                            1.71585390000,
                            41.22065700000
                        ],
                        [
                            1.71584840000,
                            41.22066580000
                        ],
                        [
                            1.71583200000,
                            41.22065850000
                        ],
                        [
                            1.71582420000,
                            41.22065590000
                        ],
                        [
                            1.71568820000,
                            41.22060840000
                        ],
                        [
                            1.71554700000,
                            41.22055910000
                        ],
                        [
                            1.71541060000,
                            41.22051150000
                        ]
                    ]
                ]
            }
        },
        {
            "type": "Feature",
            "properties": {
                "amenity": "motorcycle_parking",
                "orientation": "diagonal",
                "parking": "lane",
                "parking:condition": "free"
            },
            "geometry": {
                "type": "Polygon",
                "coordinates": [
                    [
                        [
                            1.71551230000,
                            41.22013240000
                        ],
                        [
                            1.71554710000,
                            41.22007600000
                        ],
                        [
                            1.71552030000,
                            41.22006650000
                        ],
                        [
                            1.71548370000,
                            41.22012420000
                        ],
                        [
                            1.71551230000,
                            41.22013240000
                        ]
                    ]
                ]
            }
        },
        {
            "type": "Feature",
            "properties": {
                "addr:housenumber": "6",
                "addr:postcode": "08800",
                "addr:street": "Plaça d'Armand Cardona i Torrandell",
                "entrance": "yes",
                "source": "Opendata Ajuntament de Vilanova i la Geltrú",
                "source:date": "2015-03-15"
            },
            "geometry": {
                "type": "Point",
                "coordinates": [
                    1.71672460000,
                    41.22011580000
                ]
            }
        },
        {
            "type": "Feature",
            "properties": {
                "building:levels": "6",
                "building:part": "yes"
            },
            "geometry": {
                "type": "Polygon",
                "coordinates": [
                    [
                        [
                            1.71544860000,
                            41.22010900000
                        ],
                        [
                            1.71546340000,
                            41.22008370000
                        ],
                        [
                            1.71539920000,
                            41.22006160000
                        ],
                        [
                            1.71538390000,
                            41.22008630000
                        ],
                        [
                            1.71544860000,
                            41.22010900000
                        ]
                    ]
                ]
            }
        },
        {
            "type": "Feature",
            "properties": {
                "footway": "sidewalk",
                "highway": "footway",
                "name": "Carrer d'Olèrdola",
                "name:ca": "Carrer d'Olèrdola"
            },
            "geometry": {
                "type": "LineString",
                "coordinates": [
                    [
                        1.71550200000,
                        41.22000330000
                    ],
                    [
                        1.71503460000,
                        41.21984330000
                    ],
                    [
                        1.71502260000,
                        41.21983910000
                    ]
                ]
            }
        },
        {
            "type": "Feature",
            "properties": {
                "addr:housenumber": "37",
                "addr:postcode": "08800",
                "addr:street": "Carrer de Menéndez Pelayo",
                "entrance": "yes",
                "source": "Opendata Ajuntament de Vilanova i la Geltrú",
                "source:date": "2015-03-15"
            },
            "geometry": {
                "type": "Point",
                "coordinates": [
                    1.71567790000,
                    41.22023260000
                ]
            }
        },
        {
            "type": "Feature",
            "properties": {
                "footway": "sidewalk",
                "highway": "footway",
                "name": "Carrer de Menéndez Pelayo",
                "name:ca": "Carrer de Menéndez Pelayo",
                "name:etymology:wikidata": "Q716799"
            },
            "geometry": {
                "type": "LineString",
                "coordinates": [
                    [
                        1.71550200000,
                        41.22000330000
                    ],
                    [
                        1.71552600000,
                        41.22001000000
                    ],
                    [
                        1.71551810000,
                        41.22002240000
                    ],
                    [
                        1.71550620000,
                        41.22004110000
                    ],
                    [
                        1.71533700000,
                        41.22032220000
                    ],
                    [
                        1.71517930000,
                        41.22057590000
                    ],
                    [
                        1.71515560000,
                        41.22058420000
                    ]
                ]
            }
        },
        {
            "type": "Feature",
            "properties": {
                "footway": "sidewalk",
                "highway": "footway",
                "name": "Carrer d'Olèrdola",
                "name:ca": "Carrer d'Olèrdola"
            },
            "geometry": {
                "type": "LineString",
                "coordinates": [
                    [
                        1.71508210000,
                        41.21974960000
                    ],
                    [
                        1.71540600000,
                        41.21986610000
                    ],
                    [
                        1.71556050000,
                        41.21991520000
                    ]
                ]
            }
        },
        {
            "type": "Feature",
            "properties": {
                "highway": "residential",
                "lanes": "1",
                "lit": "yes",
                "maxspeed": "30",
                "name": "Carrer de Castellet",
                "name:ca": "Carrer de Castellet",
                "oneway": "yes",
                "parking:condition:both": "free",
                "parking:lane:both": "parallel",
                "parking:lane:right": "perpendicular",
                "sidewalk": "both",
                "surface": "paved",
                "width": "6"
            },
            "geometry": {
                "type": "LineString",
                "coordinates": [
                    [
                        1.71689300000,
                        41.22046210000
                    ],
                    [
                        1.71680850000,
                        41.22044210000
                    ],
                    [
                        1.71620300000,
                        41.22022710000
                    ]
                ]
            }
        },
        {
            "type": "Feature",
            "properties": {
                "addr:housenumber": "2",
                "addr:postcode": "08800",
                "addr:street": "Plaça d'Armand Cardona i Torrandell",
                "entrance": "yes",
                "source": "Opendata Ajuntament de Vilanova i la Geltrú",
                "source:date": "2015-03-15"
            },
            "geometry": {
                "type": "Point",
                "coordinates": [
                    1.71607200000,
                    41.21992140000
                ]
            }
        },
        {
            "type": "Feature",
            "properties": {
                "amenity": "bicycle_parking"
            },
            "geometry": {
                "type": "Point",
                "coordinates": [
                    1.71548250000,
                    41.21990460000
                ]
            }
        },
        {
            "type": "Feature",
            "properties": {
                "building": "residential",
                "building:levels": "1"
            },
            "geometry": {
                "type": "Polygon",
                "coordinates": [
                    [
                        [
                            1.71513040000,
                            41.22028440000
                        ],
                        [
                            1.71516380000,
                            41.22022780000
                        ],
                        [
                            1.71512880000,
                            41.22021600000
                        ],
                        [
                            1.71507680000,
                            41.22030420000
                        ],
                        [
                            1.71512160000,
                            41.22031960000
                        ],
                        [
                            1.71514060000,
                            41.22028780000
                        ],
                        [
                            1.71513040000,
                            41.22028440000
                        ]
                    ]
                ]
            }
        },
        {
            "type": "Feature",
            "properties": {
                "footway": "sidewalk",
                "highway": "footway",
                "name": "Plaça d'Armand Cardona i Torrandell",
                "name:ca": "Plaça d'Armand Cardona i Torrandell"
            },
            "geometry": {
                "type": "LineString",
                "coordinates": [
                    [
                        1.71580850000,
                        41.21979320000
                    ],
                    [
                        1.71582520000,
                        41.21979730000
                    ],
                    [
                        1.71698270000,
                        41.22015520000
                    ],
                    [
                        1.71700400000,
                        41.22016220000
                    ]
                ]
            }
        },
        {
            "type": "Feature",
            "properties": {
                "natural": "tree"
            },
            "geometry": {
                "type": "Point",
                "coordinates": [
                    1.71532010000,
                    41.21982380000
                ]
            }
        },
        {
            "type": "Feature",
            "properties": {
                "addr:housenumber": "68",
                "addr:postcode": "08800",
                "addr:street": "Carrer de Menéndez Pelayo",
                "source": "Opendata Ajuntament de Vilanova i la Geltrú",
                "source:date": "2015-03-15"
            },
            "geometry": {
                "type": "Point",
                "coordinates": [
                    1.71557630000,
                    41.21985150000
                ]
            }
        },
        {
            "type": "Feature",
            "properties": {
                "addr:housenumber": "1-3",
                "addr:postcode": "08800",
                "addr:street": "Carrer d'Olèrdola",
                "entrance": "yes"
            },
            "geometry": {
                "type": "Point",
                "coordinates": [
                    1.71554180000,
                    41.21987070000
                ]
            }
        },
        {
            "type": "Feature",
            "properties": {
                "addr:housenumber": "64",
                "addr:postcode": "08800",
                "addr:street": "Carrer de Menéndez Pelayo",
                "entrance": "yes",
                "source": "Opendata Ajuntament de Vilanova i la Geltrú",
                "source:date": "2015-03-15"
            },
            "geometry": {
                "type": "Point",
                "coordinates": [
                    1.71536310000,
                    41.22025550000
                ]
            }
        },
        {
            "type": "Feature",
            "properties": {
                "access": "private",
                "highway": "footway"
            },
            "geometry": {
                "type": "LineString",
                "coordinates": [
                    [
                        1.71556720000,
                        41.22020050000
                    ],
                    [
                        1.71558580000,
                        41.22020700000
                    ],
                    [
                        1.71581610000,
                        41.22028860000
                    ],
                    [
                        1.71566370000,
                        41.22053750000
                    ]
                ]
            }
        },
        {
            "type": "Feature",
            "properties": {
                "barrier": "kerb"
            },
            "geometry": {
                "type": "LineString",
                "coordinates": [
                    [
                        1.71552390000,
                        41.22004670000
                    ],
                    [
                        1.71547580000,
                        41.22012350000
                    ]
                ]
            }
        },
        {
            "type": "Feature",
            "properties": {
                "amenity": "parking_space",
                "capacity": "1",
                "capacity:disabled": "1",
                "orientation": "parallel",
                "parking:condition": "disabled",
                "parking_space": "disabled"
            },
            "geometry": {
                "type": "Point",
                "coordinates": [
                    1.71558090000,
                    41.22012710000
                ]
            }
        },
        {
            "type": "Feature",
            "properties": {
                "amenity": "parking",
                "orientation": "parallel",
                "parking": "lane",
                "parking:condition": "free"
            },
            "geometry": {
                "type": "Polygon",
                "coordinates": [
                    [
                        [
                            1.71573530000,
                            41.21983560000
                        ],
                        [
                            1.71575870000,
                            41.21984370000
                        ],
                        [
                            1.71600180000,
                            41.21943250000
                        ],
                        [
                            1.71598000000,
                            41.21942740000
                        ],
                        [
                            1.71573530000,
                            41.21983560000
                        ]
                    ]
                ]
            }
        },
        {
            "type": "Feature",
            "properties": {
                "highway": "residential",
                "lanes": "1",
                "lit": "yes",
                "maxspeed": "30",
                "name": "Carrer de Castellet",
                "name:ca": "Carrer de Castellet",
                "oneway": "yes",
                "parking:condition:left": "free",
                "parking:condition:right": "no_stopping",
                "parking:lane:left": "parallel",
                "sidewalk": "both",
                "surface": "paved",
                "width": "6"
            },
            "geometry": {
                "type": "LineString",
                "coordinates": [
                    [
                        1.71620300000,
                        41.22022710000
                    ],
                    [
                        1.71572040000,
                        41.22005320000
                    ],
                    [
                        1.71567680000,
                        41.22003550000
                    ],
                    [
                        1.71562440000,
                        41.21999120000
                    ]
                ]
            }
        },
        {
            "type": "Feature",
            "properties": {
                "addr:housenumber": "36",
                "addr:postcode": "08800",
                "addr:street": "Carrer de Joan Llaverias",
                "entrance": "yes",
                "source": "Opendata Ajuntament de Vilanova i la Geltrú",
                "source:date": "2015-03-15"
            },
            "geometry": {
                "type": "Point",
                "coordinates": [
                    1.71693790000,
                    41.22023890000
                ]
            }
        },
        {
            "type": "Feature",
            "properties": {
                "leisure": "garden"
            },
            "geometry": {
                "type": "Polygon",
                "coordinates": [
                    [
                        [
                            1.71594700000,
                            41.21973700000
                        ],
                        [
                            1.71599590000,
                            41.21964620000
                        ],
                        [
                            1.71615580000,
                            41.21969160000
                        ],
                        [
                            1.71610680000,
                            41.21977990000
                        ],
                        [
                            1.71594700000,
                            41.21973700000
                        ]
                    ]
                ]
            }
        },
        {
            "type": "Feature",
            "properties": {
                "footway": "crossing",
                "highway": "footway",
                "name": "Carrer de Castellet",
                "name:ca": "Carrer de Castellet"
            },
            "geometry": {
                "type": "LineString",
                "coordinates": [
                    [
                        1.71570270000,
                        41.21999840000
                    ],
                    [
                        1.71567680000,
                        41.22003550000
                    ],
                    [
                        1.71565720000,
                        41.22006420000
                    ]
                ]
            }
        },
        {
            "type": "Feature",
            "properties": {
                "building:levels": "6",
                "building:levels:underground": "1",
                "building:part": "yes"
            },
            "geometry": {
                "type": "Polygon",
                "coordinates": [
                    [
                        [
                            1.71577870000,
                            41.22016910000
                        ],
                        [
                            1.71576360000,
                            41.22019410000
                        ],
                        [
                            1.71577770000,
                            41.22019900000
                        ],
                        [
                            1.71579240000,
                            41.22017390000
                        ],
                        [
                            1.71577870000,
                            41.22016910000
                        ]
                    ]
                ]
            }
        },
        {
            "type": "Feature",
            "properties": {
                "addr:housenumber": "66",
                "addr:postcode": "08800",
                "addr:street": "Carrer de Menéndez Pelayo",
                "entrance": "yes"
            },
            "geometry": {
                "type": "Point",
                "coordinates": [
                    1.71548430000,
                    41.22004790000
                ]
            }
        },
        {
            "type": "Feature",
            "properties": {
                "barrier": "kerb"
            },
            "geometry": {
                "type": "LineString",
                "coordinates": [
                    [
                        1.71504670000,
                        41.21983320000
                    ],
                    [
                        1.71546610000,
                        41.21998600000
                    ],
                    [
                        1.71547890000,
                        41.21997520000
                    ],
                    [
                        1.71548790000,
                        41.21997670000
                    ],
                    [
                        1.71549710000,
                        41.21997930000
                    ],
                    [
                        1.71551430000,
                        41.21998420000
                    ],
                    [
                        1.71553570000,
                        41.21999240000
                    ],
                    [
                        1.71554020000,
                        41.21999410000
                    ],
                    [
                        1.71554630000,
                        41.22000070000
                    ],
                    [
                        1.71553380000,
                        41.22002760000
                    ],
                    [
                        1.71552390000,
                        41.22004670000
                    ]
                ]
            }
        },
        {
            "type": "Feature",
            "properties": {
                "amenity": "parking",
                "orientation": "parallel",
                "parking": "lane",
                "parking:condition": "free"
            },
            "geometry": {
                "type": "Polygon",
                "coordinates": [
                    [
                        [
                            1.71598570000,
                            41.21927550000
                        ],
                        [
                            1.71600460000,
                            41.21928280000
                        ],
                        [
                            1.71563410000,
                            41.21992550000
                        ],
                        [
                            1.71560600000,
                            41.21991560000
                        ],
                        [
                            1.71598570000,
                            41.21927550000
                        ]
                    ]
                ]
            }
        },
        {
            "type": "Feature",
            "properties": {
                "footway": "sidewalk",
                "highway": "footway",
                "name": "Carrer de Menéndez Pelayo",
                "name:ca": "Carrer de Menéndez Pelayo",
                "name:etymology:wikidata": "Q716799"
            },
            "geometry": {
                "type": "LineString",
                "coordinates": [
                    [
                        1.71556050000,
                        41.21991520000
                    ],
                    [
                        1.71557740000,
                        41.21992190000
                    ],
                    [
                        1.71564230000,
                        41.21978650000
                    ],
                    [
                        1.71568250000,
                        41.21971240000
                    ]
                ]
            }
        },
        {
            "type": "Feature",
            "properties": {
                "building:levels": "6",
                "building:levels:underground": "1",
                "building:part": "yes"
            },
            "geometry": {
                "type": "Polygon",
                "coordinates": [
                    [
                        [
                            1.71582630000,
                            41.22020870000
                        ],
                        [
                            1.71584910000,
                            41.22021680000
                        ],
                        [
                            1.71585790000,
                            41.22021990000
                        ],
                        [
                            1.71587940000,
                            41.22018640000
                        ],
                        [
                            1.71583700000,
                            41.22017160000
                        ],
                        [
                            1.71581500000,
                            41.22020470000
                        ],
                        [
                            1.71582630000,
                            41.22020870000
                        ]
                    ]
                ]
            }
        },
        {
            "type": "Feature",
            "properties": {
                "building:levels": "5",
                "building:part": "yes"
            },
            "geometry": {
                "type": "Polygon",
                "coordinates": [
                    [
                        [
                            1.71530940000,
                            41.22013980000
                        ],
                        [
                            1.71521630000,
                            41.22029930000
                        ],
                        [
                            1.71531790000,
                            41.22033310000
                        ],
                        [
                            1.71535690000,
                            41.22026610000
                        ],
                        [
                            1.71528860000,
                            41.22024200000
                        ],
                        [
                            1.71530410000,
                            41.22021740000
                        ],
                        [
                            1.71537140000,
                            41.22024140000
                        ],
                        [
                            1.71540970000,
                            41.22017560000
                        ],
                        [
                            1.71538480000,
                            41.22016630000
                        ],
                        [
                            1.71530940000,
                            41.22013980000
                        ]
                    ]
                ]
            }
        },
        {
            "type": "Feature",
            "properties": {
                "building": "garage",
                "building:levels:underground": "1"
            },
            "geometry": {
                "type": "Polygon",
                "coordinates": [
                    [
                        [
                            1.71605750000,
                            41.22031020000
                        ],
                        [
                            1.71610310000,
                            41.22023270000
                        ],
                        [
                            1.71610680000,
                            41.22022650000
                        ],
                        [
                            1.71617220000,
                            41.22024820000
                        ],
                        [
                            1.71612280000,
                            41.22033200000
                        ],
                        [
                            1.71605750000,
                            41.22031020000
                        ]
                    ]
                ]
            }
        },
        {
            "type": "Feature",
            "properties": {
                "addr:housenumber": "33",
                "addr:postcode": "08800",
                "addr:street": "Carrer de Menéndez Pelayo",
                "entrance": "yes",
                "source": "Opendata Ajuntament de Vilanova i la Geltrú",
                "source:date": "2015-03-15"
            },
            "geometry": {
                "type": "Point",
                "coordinates": [
                    1.71595640000,
                    41.22032850000
                ]
            }
        },
        {
            "type": "Feature",
            "properties": {
                "highway": "traffic_signals"
            },
            "geometry": {
                "type": "Point",
                "coordinates": [
                    1.71614170000,
                    41.21910110000
                ]
            }
        },
        {
            "type": "Feature",
            "properties": {
                "addr:door": "1",
                "addr:floor": "0",
                "addr:housenumber": "1",
                "addr:postcode": "08800",
                "addr:street": "plaça d'Armand Cardona i Torrandell",
                "contact:phone": "+34 938151012",
                "craft": "metal_construction",
                "name": "Constructora Garraf Penedès SA",
                "source": "Opendata Ajuntament de Vilanova i la Geltrú",
                "source:date": "2015-03-15"
            },
            "geometry": {
                "type": "Point",
                "coordinates": [
                    1.71588150000,
                    41.21989450000
                ]
            }
        },
        {
            "type": "Feature",
            "properties": {
                "barrier": "wall"
            },
            "geometry": {
                "type": "LineString",
                "coordinates": [
                    [
                        1.71480440000,
                        41.22031350000
                    ],
                    [
                        1.71505480000,
                        41.21986540000
                    ],
                    [
                        1.71515160000,
                        41.21989680000
                    ],
                    [
                        1.71528900000,
                        41.21994090000
                    ]
                ]
            }
        },
        {
            "type": "Feature",
            "properties": {
                "area:highway": "footway",
                "footway": "crossing"
            },
            "geometry": {
                "type": "LineString",
                "coordinates": [
                    [
                        1.71553570000,
                        41.21999240000
                    ],
                    [
                        1.71555230000,
                        41.21996700000
                    ],
                    [
                        1.71556670000,
                        41.21993840000
                    ],
                    [
                        1.71554960000,
                        41.21993180000
                    ],
                    [
                        1.71552120000,
                        41.21992180000
                    ],
                    [
                        1.71550500000,
                        41.21995100000
                    ],
                    [
                        1.71548790000,
                        41.21997670000
                    ],
                    [
                        1.71549710000,
                        41.21997930000
                    ],
                    [
                        1.71551430000,
                        41.21998420000
                    ],
                    [
                        1.71553570000,
                        41.21999240000
                    ]
                ]
            }
        },
        {
            "type": "Feature",
            "properties": {
                "access": "private",
                "highway": "footway"
            },
            "geometry": {
                "type": "LineString",
                "coordinates": [
                    [
                        1.71581610000,
                        41.22028860000
                    ],
                    [
                        1.71601200000,
                        41.22036190000
                    ],
                    [
                        1.71586140000,
                        41.22060700000
                    ]
                ]
            }
        },
        {
            "type": "Feature",
            "properties": {
                "highway": "traffic_signals",
                "traffic_signals:direction": "forward"
            },
            "geometry": {
                "type": "Point",
                "coordinates": [
                    1.71526380000,
                    41.22058100000
                ]
            }
        },
        {
            "type": "Feature",
            "properties": {
                "amenity": "parking",
                "orientation": "parallel",
                "parking": "lane",
                "parking:condition": "free"
            },
            "geometry": {
                "type": "Polygon",
                "coordinates": [
                    [
                        [
                            1.71555170000,
                            41.22014830000
                        ],
                        [
                            1.71557690000,
                            41.22015690000
                        ],
                        [
                            1.71548480000,
                            41.22031690000
                        ],
                        [
                            1.71546360000,
                            41.22031170000
                        ],
                        [
                            1.71555170000,
                            41.22014830000
                        ]
                    ]
                ]
            }
        },
        {
            "type": "Feature",
            "properties": {
                "building": "residential",
                "building:levels": "1"
            },
            "geometry": {
                "type": "Polygon",
                "coordinates": [
                    [
                        [
                            1.71532920000,
                            41.21995490000
                        ],
                        [
                            1.71528900000,
                            41.21994090000
                        ],
                        [
                            1.71521140000,
                            41.22006860000
                        ],
                        [
                            1.71526240000,
                            41.22008630000
                        ],
                        [
                            1.71533190000,
                            41.21997180000
                        ],
                        [
                            1.71532920000,
                            41.21995490000
                        ]
                    ]
                ]
            }
        },
        {
            "type": "Feature",
            "properties": {
                "amenity": "parking",
                "orientation": "parallel",
                "parking": "lane",
                "parking:condition": "free"
            },
            "geometry": {
                "type": "Polygon",
                "coordinates": [
                    [
                        [
                            1.71543560000,
                            41.21991510000
                        ],
                        [
                            1.71544580000,
                            41.21989850000
                        ],
                        [
                            1.71508620000,
                            41.21977230000
                        ],
                        [
                            1.71507770000,
                            41.21978830000
                        ],
                        [
                            1.71543560000,
                            41.21991510000
                        ]
                    ]
                ]
            }
        },
        {
            "type": "Feature",
            "properties": {
                "leisure": "garden"
            },
            "geometry": {
                "type": "Polygon",
                "coordinates": [
                    [
                        [
                            1.71678960000,
                            41.22036730000
                        ],
                        [
                            1.71680840000,
                            41.22032780000
                        ],
                        [
                            1.71584020000,
                            41.22002700000
                        ],
                        [
                            1.71581300000,
                            41.22003300000
                        ],
                        [
                            1.71678960000,
                            41.22036730000
                        ]
                    ]
                ]
            }
        },
        {
            "type": "Feature",
            "properties": {
                "footway": "crossing",
                "highway": "footway",
                "name": "Carrer de Menéndez Pelayo",
                "name:ca": "Carrer de Menéndez Pelayo",
                "name:etymology:wikidata": "Q716799"
            },
            "geometry": {
                "type": "LineString",
                "coordinates": [
                    [
                        1.71563710000,
                        41.22007930000
                    ],
                    [
                        1.71558100000,
                        41.22006160000
                    ],
                    [
                        1.71552390000,
                        41.22004670000
                    ],
                    [
                        1.71550620000,
                        41.22004110000
                    ]
                ]
            }
        },
        {
            "type": "Feature",
            "properties": {
                "building": "residential",
                "building:levels": "9",
                "roof:shape": "flat"
            },
            "geometry": {
                "type": "Polygon",
                "coordinates": [
                    [
                        [
                            1.71525190000,
                            41.21977140000
                        ],
                        [
                            1.71528520000,
                            41.21978280000
                        ],
                        [
                            1.71544970000,
                            41.21983920000
                        ],
                        [
                            1.71548120000,
                            41.21985000000
                        ],
                        [
                            1.71554180000,
                            41.21987070000
                        ],
                        [
                            1.71556140000,
                            41.21987750000
                        ],
                        [
                            1.71561030000,
                            41.21979860000
                        ],
                        [
                            1.71554570000,
                            41.21977640000
                        ],
                        [
                            1.71556400000,
                            41.21974990000
                        ],
                        [
                            1.71546310000,
                            41.21971560000
                        ],
                        [
                            1.71547720000,
                            41.21968890000
                        ],
                        [
                            1.71544520000,
                            41.21967890000
                        ],
                        [
                            1.71543030000,
                            41.21970470000
                        ],
                        [
                            1.71541640000,
                            41.21969920000
                        ],
                        [
                            1.71540110000,
                            41.21972690000
                        ],
                        [
                            1.71521680000,
                            41.21966370000
                        ],
                        [
                            1.71516980000,
                            41.21974320000
                        ],
                        [
                            1.71525190000,
                            41.21977140000
                        ]
                    ]
                ]
            }
        },
        {
            "type": "Feature",
            "properties": {
                "addr:housenumber": "1-3",
                "addr:postcode": "08800",
                "addr:street": "Carrer d'Olèrdola",
                "amenity": "veterinary",
                "email": "dosvet@wanadoo.es",
                "name": "Dos Vet -Centre veterinari",
                "phone": "+34 938155184",
                "source": "local_knowledge",
                "source:date": "2016-07-17"
            },
            "geometry": {
                "type": "Point",
                "coordinates": [
                    1.71554690000,
                    41.21984610000
                ]
            }
        },
        {
            "type": "Feature",
            "properties": {
                "addr:housenumber": "39",
                "addr:postcode": "08800",
                "addr:street": "Carrer de Menéndez Pelayo",
                "entrance": "yes",
                "source": "Opendata Ajuntament de Vilanova i la Geltrú",
                "source:date": "2015-03-15"
            },
            "geometry": {
                "type": "Point",
                "coordinates": [
                    1.71577680000,
                    41.21988230000
                ]
            }
        },
        {
            "type": "Feature",
            "properties": {
                "area:highway": "footway",
                "footway": "sidewalk"
            },
            "geometry": {
                "type": "LineString",
                "coordinates": [
                    [
                        1.71553380000,
                        41.22002760000
                    ],
                    [
                        1.71551810000,
                        41.22002240000
                    ],
                    [
                        1.71550310000,
                        41.22001580000
                    ],
                    [
                        1.71540150000,
                        41.21998200000
                    ],
                    [
                        1.71532920000,
                        41.21995490000
                    ],
                    [
                        1.71528900000,
                        41.21994090000
                    ],
                    [
                        1.71505480000,
                        41.21986540000
                    ],
                    [
                        1.71503160000,
                        41.21984910000
                    ],
                    [
                        1.71503460000,
                        41.21984330000
                    ],
                    [
                        1.71504670000,
                        41.21983320000
                    ],
                    [
                        1.71546610000,
                        41.21998600000
                    ],
                    [
                        1.71547890000,
                        41.21997520000
                    ],
                    [
                        1.71548790000,
                        41.21997670000
                    ],
                    [
                        1.71549710000,
                        41.21997930000
                    ],
                    [
                        1.71551430000,
                        41.21998420000
                    ],
                    [
                        1.71553570000,
                        41.21999240000
                    ],
                    [
                        1.71554020000,
                        41.21999410000
                    ],
                    [
                        1.71554630000,
                        41.22000070000
                    ],
                    [
                        1.71553380000,
                        41.22002760000
                    ]
                ]
            }
        },
        {
            "type": "Feature",
            "properties": {
                "highway": "crossing"
            },
            "geometry": {
                "type": "Point",
                "coordinates": [
                    1.71558100000,
                    41.22006160000
                ]
            }
        },
        {
            "type": "Feature",
            "properties": {
                "amenity": "parking_space",
                "capacity": "1",
                "parking_space": "veterinary"
            },
            "geometry": {
                "type": "Point",
                "coordinates": [
                    1.71547390000,
                    41.21992120000
                ]
            }
        },
        {
            "type": "Feature",
            "properties": {
                "highway": "crossing"
            },
            "geometry": {
                "type": "Point",
                "coordinates": [
                    1.71524500000,
                    41.22061010000
                ]
            }
        },
        {
            "type": "Feature",
            "properties": {
                "amenity": "motorcycle_parking",
                "orientation": "diagonal",
                "parking": "lane",
                "parking:condition": "free"
            },
            "geometry": {
                "type": "Polygon",
                "coordinates": [
                    [
                        [
                            1.71575870000,
                            41.21984370000
                        ],
                        [
                            1.71572330000,
                            41.21990140000
                        ],
                        [
                            1.71570330000,
                            41.21989490000
                        ],
                        [
                            1.71573530000,
                            41.21983560000
                        ],
                        [
                            1.71575870000,
                            41.21984370000
                        ]
                    ]
                ]
            }
        },
        {
            "type": "Feature",
            "properties": {
                "building": "residential",
                "building:levels": "6"
            },
            "geometry": {
                "type": "Polygon",
                "coordinates": [
                    [
                        [
                            1.71544860000,
                            41.22010900000
                        ],
                        [
                            1.71546340000,
                            41.22008370000
                        ],
                        [
                            1.71548430000,
                            41.22004790000
                        ],
                        [
                            1.71550310000,
                            41.22001580000
                        ],
                        [
                            1.71540150000,
                            41.21998200000
                        ],
                        [
                            1.71530940000,
                            41.22013980000
                        ],
                        [
                            1.71538480000,
                            41.22016630000
                        ],
                        [
                            1.71540970000,
                            41.22017560000
                        ],
                        [
                            1.71544860000,
                            41.22010900000
                        ]
                    ]
                ]
            }
        },
        {
            "type": "Feature",
            "properties": {
                "amenity": "parking",
                "orientation": "parallel",
                "parking": "lane",
                "parking:condition": "free"
            },
            "geometry": {
                "type": "Polygon",
                "coordinates": [
                    [
                        [
                            1.71679720000,
                            41.22041970000
                        ],
                        [
                            1.71680580000,
                            41.22040810000
                        ],
                        [
                            1.71571640000,
                            41.22001620000
                        ],
                        [
                            1.71570840000,
                            41.22003080000
                        ],
                        [
                            1.71679720000,
                            41.22041970000
                        ]
                    ]
                ]
            }
        },
        {
            "type": "Feature",
            "properties": {
                "building": "residential",
                "building:levels": "6"
            },
            "geometry": {
                "type": "Polygon",
                "coordinates": [
                    [
                        [
                            1.71535690000,
                            41.22026610000
                        ],
                        [
                            1.71536310000,
                            41.22025550000
                        ],
                        [
                            1.71537140000,
                            41.22024140000
                        ],
                        [
                            1.71540970000,
                            41.22017560000
                        ],
                        [
                            1.71538480000,
                            41.22016630000
                        ],
                        [
                            1.71530940000,
                            41.22013980000
                        ],
                        [
                            1.71521630000,
                            41.22029930000
                        ],
                        [
                            1.71531790000,
                            41.22033310000
                        ],
                        [
                            1.71535690000,
                            41.22026610000
                        ]
                    ]
                ]
            }
        },
        {
            "type": "Feature",
            "properties": {
                "bicycle": "yes",
                "crossing": "uncontrolled",
                "direction": "forward",
                "highway": "crossing",
                "kerb": "lowered"
            },
            "geometry": {
                "type": "Point",
                "coordinates": [
                    1.71505120000,
                    41.21979810000
                ]
            }
        }
    ]
}